item_id,verb_stem,distance_bucket,n_intervening_tokens,context_sentence,correct_prefix,distractor_prefixes,n_candidates,full_original_sentence,intervening_text,sent_id,source_file
1,kommen,short,1,""" Unsere neuen Produkte kommen gut",an,Recht;auf;aus;daher;davon;dazu;dran;durch;entgegen;frei;gleich;heran;heraus;herein;herum;hierher;hin;hinaus;hinterher;hinzu;hoch;klar;los;mit;nach;näher;raus;rein;unter;vor;voran;vorbei;weg;weiter;wieder;zu;zugute;zurecht;zurück;zusammen;zustande;zuteil;zuvor,44,""" Unsere neuen Produkte kommen gut an "" , sagte Deutschland-Geschäftsführer Frank Steinhoff am heutigen Donnerstag .",gut,hdt-s157082,de_hdt-ud-train-b-1.conllu
2,kommen,short,2,Die Polizeiarbeit komme aber nicht,weiter,Recht;an;auf;aus;daher;davon;dazu;dran;durch;entgegen;frei;gleich;heran;heraus;herein;herum;hierher;hin;hinaus;hinterher;hinzu;hoch;klar;los;mit;nach;näher;raus;rein;unter;vor;voran;vorbei;weg;wieder;zu;zugute;zurecht;zurück;zusammen;zustande;zuteil;zuvor,44,"Die Polizeiarbeit komme aber nicht weiter , wenn nach deutschem Recht verbotene Inhalte im Ausland eingestellt werden , wo sie nicht strafbar sind .",aber nicht,hdt-s2505,de_hdt-ud-dev.conllu
3,kommen,short,1,"März 1868 , als er unter großem Beifall ausführte , das Konkordat von 1855 komme ihm",vor,Recht;an;auf;aus;daher;davon;dazu;dran;durch;entgegen;frei;gleich;heran;heraus;herein;herum;hierher;hin;hinaus;hinterher;hinzu;hoch;klar;los;mit;nach;näher;raus;rein;unter;voran;vorbei;weg;weiter;wieder;zu;zugute;zurecht;zurück;zusammen;zustande;zuteil;zuvor,44,"März 1868, als er unter großem Beifall ausführte, das Konkordat von 1855 komme ihm vor.",ihm,train-s2913,de_gsd-ud-train.conllu
4,kommen,medium,3,"Auf Autofahrer , die an dem Steuer telefonieren , kommen möglicherweise härtere Strafen",zu,Recht;an;auf;aus;daher;davon;dazu;dran;durch;entgegen;frei;gleich;heran;heraus;herein;herum;hierher;hin;hinaus;hinterher;hinzu;hoch;klar;los;mit;nach;näher;raus;rein;unter;vor;voran;vorbei;weg;weiter;wieder;zugute;zurecht;zurück;zusammen;zustande;zuteil;zuvor,44,"Auf Autofahrer , die am Steuer telefonieren , kommen möglicherweise härtere Strafen zu .",möglicherweise härtere Strafen,hdt-s71923,de_hdt-ud-train-a-2.conllu
5,kommen,medium,3,Der Begriff Open Source kommt dabei allerdings nicht,vor,Recht;an;auf;aus;daher;davon;dazu;dran;durch;entgegen;frei;gleich;heran;heraus;herein;herum;hierher;hin;hinaus;hinterher;hinzu;hoch;klar;los;mit;nach;näher;raus;rein;unter;voran;vorbei;weg;weiter;wieder;zu;zugute;zurecht;zurück;zusammen;zustande;zuteil;zuvor,44,Der Begriff Open Source kommt dabei allerdings nicht vor .,dabei allerdings nicht,hdt-s59420,de_hdt-ud-train-a-1.conllu
6,kommen,medium,4,"Die drei Software-Fälscher , die von Microsoft auf über 10 Millionen Mark Schadensersatz verklagt worden waren , kommen mit einem blauen Auge",davon,Recht;an;auf;aus;daher;dazu;dran;durch;entgegen;frei;gleich;heran;heraus;herein;herum;hierher;hin;hinaus;hinterher;hinzu;hoch;klar;los;mit;nach;näher;raus;rein;unter;vor;voran;vorbei;weg;weiter;wieder;zu;zugute;zurecht;zurück;zusammen;zustande;zuteil;zuvor,44,"Die drei Software-Fälscher , die von Microsoft auf über 10 Millionen Mark Schadensersatz verklagt worden waren , kommen mit einem blauen Auge davon .",mit einem blauen Auge,hdt-s51799,de_hdt-ud-train-a-1.conllu
7,kommen,long,12,"Das mit dem Slogan "" ME too "" beworbene Programm kommt offensichtlich mit den bei Windows ME auf jedem Laufwerk vorhandenen Restore-Ordnern nicht",klar,Recht;an;auf;aus;daher;davon;dazu;dran;durch;entgegen;frei;gleich;heran;heraus;herein;herum;hierher;hin;hinaus;hinterher;hinzu;hoch;los;mit;nach;näher;raus;rein;unter;vor;voran;vorbei;weg;weiter;wieder;zu;zugute;zurecht;zurück;zusammen;zustande;zuteil;zuvor,44,"Das mit dem Slogan "" ME too "" beworbene Programm kommt offensichtlich mit den bei Windows ME auf jedem Laufwerk vorhandenen Restore-Ordnern nicht klar .",offensichtlich mit den bei Windows ME auf jedem Laufwerk vorhandenen Restore-Ordnern nicht,hdt-s21211,de_hdt-ud-train-a-1.conllu
8,kommen,long,9,"Störend kommen hier Rauschen , Übersprechen , Resonanzen und andere Effekte",hinzu,Recht;an;auf;aus;daher;davon;dazu;dran;durch;entgegen;frei;gleich;heran;heraus;herein;herum;hierher;hin;hinaus;hinterher;hoch;klar;los;mit;nach;näher;raus;rein;unter;vor;voran;vorbei;weg;weiter;wieder;zu;zugute;zurecht;zurück;zusammen;zustande;zuteil;zuvor,44,"Störend kommen hier Rauschen , Übersprechen , Resonanzen und andere Effekte hinzu .","hier Rauschen , Übersprechen , Resonanzen und andere Effekte",hdt-s13747,de_hdt-ud-test.conllu
9,kommen,long,12,"Da die Spannung quadratisch in den Verbrauch eingeht , käme der Mobile Pentium III-M bei gleicher Taktrate mit einem Drittel weniger Akkuleistung",aus,Recht;an;auf;daher;davon;dazu;dran;durch;entgegen;frei;gleich;heran;heraus;herein;herum;hierher;hin;hinaus;hinterher;hinzu;hoch;klar;los;mit;nach;näher;raus;rein;unter;vor;voran;vorbei;weg;weiter;wieder;zu;zugute;zurecht;zurück;zusammen;zustande;zuteil;zuvor,44,"Da die Spannung quadratisch in den Verbrauch eingeht , käme der Mobile Pentium III-M bei gleicher Taktrate mit einem Drittel weniger Akkuleistung aus , was ein Vergleich der maximalen Leistungsaufnahme auch bestätigt :",der Mobile Pentium III-M bei gleicher Taktrate mit einem Drittel weniger Akkuleistung,hdt-s188571,de_hdt-ud-train-b-2.conllu
10,gehen,short,1,Verfassungschützer gehen davon,aus,ab;abwärts;an;auf;aufwärts;auseinander;bergauf;drauf;durch;ein;einher;entgegen;heim;her;herum;hervor;hin;hinaus;hinweg;hoch;los;mit;nach;schief;um;umher;unter;verloren;vonstatten;vor;voran;voraus;vorbei;weg;weiter;zu;zugrunde;zurück;zusammen;über,41,"Verfassungschützer gehen davon aus , dass es rund 800 deutschsprachige Internet-Angebote mit rechtsextremistischen Inhalten gibt .",davon,hdt-s104778,de_hdt-ud-dev.conllu
11,gehen,short,1,Die Untersuchung geht davon,aus,ab;abwärts;an;auf;aufwärts;auseinander;bergauf;drauf;durch;ein;einher;entgegen;heim;her;herum;hervor;hin;hinaus;hinweg;hoch;los;mit;nach;schief;um;umher;unter;verloren;vonstatten;vor;voran;voraus;vorbei;weg;weiter;zu;zugrunde;zurück;zusammen;über,41,"Die Untersuchung geht davon aus , daß Online-Werbung überdies eher wahrgenommen werde als Werbung im Fernsehen .",davon,hdt-s101616,de_hdt-ud-train-a-2.conllu
12,gehen,short,1,Aus der heute veröffentlichten Mitteilung geht lediglich,hervor,ab;abwärts;an;auf;aufwärts;aus;auseinander;bergauf;drauf;durch;ein;einher;entgegen;heim;her;herum;hin;hinaus;hinweg;hoch;los;mit;nach;schief;um;umher;unter;verloren;vonstatten;vor;voran;voraus;vorbei;weg;weiter;zu;zugrunde;zurück;zusammen;über,41,"Aus der heute veröffentlichten Mitteilung geht lediglich hervor , dass das Unternehmen den Verkaufsstart der Konsole in Europa im Frühjahr 2002 erwartet .",lediglich,hdt-s66323,de_hdt-ud-train-a-2.conllu
13,gehen,medium,7,Hier geht seinem Eigennamen die Bezeichnung Herr der Kronen,voraus,ab;abwärts;an;auf;aufwärts;aus;auseinander;bergauf;drauf;durch;ein;einher;entgegen;heim;her;herum;hervor;hin;hinaus;hinweg;hoch;los;mit;nach;schief;um;umher;unter;verloren;vonstatten;vor;voran;vorbei;weg;weiter;zu;zugrunde;zurück;zusammen;über,41,Hier geht seinem Eigennamen die Bezeichnung Herr der Kronen voraus.,seinem Eigennamen die Bezeichnung Herr der Kronen,train-s5315,de_gsd-ud-train.conllu
14,gehen,medium,4,Gerade in Städten und dichter besiedelten Regionen jedoch gehen immer mehr Feuerwehren dazu,über,ab;abwärts;an;auf;aufwärts;aus;auseinander;bergauf;drauf;durch;ein;einher;entgegen;heim;her;herum;hervor;hin;hinaus;hinweg;hoch;los;mit;nach;schief;um;umher;unter;verloren;vonstatten;vor;voran;voraus;vorbei;weg;weiter;zu;zugrunde;zurück;zusammen,41,"Gerade in Städten und dichter besiedelten Regionen jedoch gehen immer mehr Feuerwehren dazu über, auf die sogenannte stille Alarmierung mittels Funkmeldeempfänger und vereinzelt auch zusätzlich per SMS umzustellen.",immer mehr Feuerwehren dazu,train-s5038,de_gsd-ud-train.conllu
15,gehen,medium,4,Möglicherweise aber gingen die Araber noch anders,vor,ab;abwärts;an;auf;aufwärts;aus;auseinander;bergauf;drauf;durch;ein;einher;entgegen;heim;her;herum;hervor;hin;hinaus;hinweg;hoch;los;mit;nach;schief;um;umher;unter;verloren;vonstatten;voran;voraus;vorbei;weg;weiter;zu;zugrunde;zurück;zusammen;über,41,Möglicherweise aber gingen die Araber noch anders vor .,die Araber noch anders,hdt-s102448,de_hdt-ud-dev.conllu
16,gehen,long,13,Den Gewinnrückgang aus dem operativen Geschäft geht vor allem auf Preissenkungen in dem Festnetzbereich und hohen Akquisitionskosten für neue Mobilfunkkunden,zurück,ab;abwärts;an;auf;aufwärts;aus;auseinander;bergauf;drauf;durch;ein;einher;entgegen;heim;her;herum;hervor;hin;hinaus;hinweg;hoch;los;mit;nach;schief;um;umher;unter;verloren;vonstatten;vor;voran;voraus;vorbei;weg;weiter;zu;zugrunde;zusammen;über,41,Den Gewinnrückgang aus dem operativen Geschäft geht vor allem auf Preissenkungen im Festnetzbereich und hohen Akquisitionskosten für neue Mobilfunkkunden zurück .,vor allem auf Preissenkungen in dem Festnetzbereich und hohen Akquisitionskosten für neue Mobilfunkkunden,hdt-s38729,de_hdt-ud-train-a-1.conllu
17,gehen,long,8,"Für 2001 geht man von einem Geschäftsvolumen von 57,2 Milliarden US-Dollar",aus,ab;abwärts;an;auf;aufwärts;auseinander;bergauf;drauf;durch;ein;einher;entgegen;heim;her;herum;hervor;hin;hinaus;hinweg;hoch;los;mit;nach;schief;um;umher;unter;verloren;vonstatten;vor;voran;voraus;vorbei;weg;weiter;zu;zugrunde;zurück;zusammen;über,41,"Für 2001 geht man von einem Geschäftsvolumen von 57,2 Milliarden US-Dollar aus .","man von einem Geschäftsvolumen von 57,2 Milliarden US-Dollar",hdt-s41544,de_hdt-ud-train-a-1.conllu
18,gehen,long,8,Die Auktion geht nach den Feiertagen an dem 5. Januar 2001,weiter,ab;abwärts;an;auf;aufwärts;aus;auseinander;bergauf;drauf;durch;ein;einher;entgegen;heim;her;herum;hervor;hin;hinaus;hinweg;hoch;los;mit;nach;schief;um;umher;unter;verloren;vonstatten;vor;voran;voraus;vorbei;weg;zu;zugrunde;zurück;zusammen;über,41,Die Auktion geht nach den Feiertagen am 5. Januar 2001 weiter ; das Endergebnis könnte nach Expertenmeinung bereits zwischen dem 12. und dem 20. Januar feststehen .,nach den Feiertagen an dem 5. Januar 2001,hdt-s163563,de_hdt-ud-train-b-1.conllu
19,stellen,short,1,Schnell stellen sie,fest,ab;an;auf;aus;bereit;dar;ein;entgegen;fertig;frei;gegenüber;gleich;her;heraus;hin;infrage;klar;nach;quer;raus;richtig;sicher;um;vor;zu;zusammen,27,"Schnell stellen sie fest, dass der Doc bereits verstorben ist.",sie,train-s12942,de_gsd-ud-train.conllu
20,stellen,short,2,Dell stellt neue Business-PCs,vor,ab;an;auf;aus;bereit;dar;ein;entgegen;fertig;fest;frei;gegenüber;gleich;her;heraus;hin;infrage;klar;nach;quer;raus;richtig;sicher;um;zu;zusammen,27,Dell stellt neue Business-PCs vor,neue Business-PCs,hdt-s44161,de_hdt-ud-train-a-1.conllu
21,stellen,short,1,Deutsche Bank 24 stellt eCash,ein,ab;an;auf;aus;bereit;dar;entgegen;fertig;fest;frei;gegenüber;gleich;her;heraus;hin;infrage;klar;nach;quer;raus;richtig;sicher;um;vor;zu;zusammen,27,Deutsche Bank 24 stellt eCash ein,eCash,hdt-s190397,de_hdt-ud-train-b-2.conllu
22,stellen,medium,3,Mainboards mit dem i860-Chipsatz und zwei 603-poligen Prozessorsockeln für das neue µPGA-603-Gehäuse des Xeon stellen nur wenige Firmen,her,ab;an;auf;aus;bereit;dar;ein;entgegen;fertig;fest;frei;gegenüber;gleich;heraus;hin;infrage;klar;nach;quer;raus;richtig;sicher;um;vor;zu;zusammen,27,Mainboards mit dem i860-Chipsatz und zwei 603-poligen Prozessorsockeln für das neue µPGA-603-Gehäuse des Xeon stellen nur wenige Firmen her .,nur wenige Firmen,hdt-s44039,de_hdt-ud-train-a-1.conllu
23,stellen,medium,7,Die Telefonica-Sprecherin stellte zugleich einen Bericht der Zeitung El Pais,richtig,ab;an;auf;aus;bereit;dar;ein;entgegen;fertig;fest;frei;gegenüber;gleich;her;heraus;hin;infrage;klar;nach;quer;raus;sicher;um;vor;zu;zusammen,27,"Die Telefonica-Sprecherin stellte zugleich einen Bericht der Zeitung El Pais richtig , wonach der 66-jährige ehemalige Bundeswirtschaftsminister und FDP-Politiker einen neuen Beratervertrag mit Telefonica geschlossen haben sollte .",zugleich einen Bericht der Zeitung El Pais,hdt-s172708,de_hdt-ud-train-b-2.conllu
24,stellen,medium,4,Wir stellen zurzeit sogar neue Mitarbeiter,ein,ab;an;auf;aus;bereit;dar;entgegen;fertig;fest;frei;gegenüber;gleich;her;heraus;hin;infrage;klar;nach;quer;raus;richtig;sicher;um;vor;zu;zusammen,27,Wir stellen zurzeit sogar neue Mitarbeiter ein .,zurzeit sogar neue Mitarbeiter,hdt-s65010,de_hdt-ud-train-a-2.conllu
25,stellen,long,9,Das Grenzdenkmal bei Gompertshausen stellt in dem Wesentlichen einen Teilbereich der DDR - Grenzsicherung,dar,ab;an;auf;aus;bereit;ein;entgegen;fertig;fest;frei;gegenüber;gleich;her;heraus;hin;infrage;klar;nach;quer;raus;richtig;sicher;um;vor;zu;zusammen,27,Das Grenzdenkmal bei Gompertshausen stellt im Wesentlichen einen Teilbereich der DDR - Grenzsicherung dar.,in dem Wesentlichen einen Teilbereich der DDR - Grenzsicherung,train-s5242,de_gsd-ud-train.conllu
26,stellen,long,11,Anders als auf der CeBIT stellen auf der CeBIT Home vor allem Hersteller von Produkten für Heimanwender,aus,ab;an;auf;bereit;dar;ein;entgegen;fertig;fest;frei;gegenüber;gleich;her;heraus;hin;infrage;klar;nach;quer;raus;richtig;sicher;um;vor;zu;zusammen,27,Anders als auf der CeBIT stellen auf der CeBIT Home vor allem Hersteller von Produkten für Heimanwender aus .,auf der CeBIT Home vor allem Hersteller von Produkten für Heimanwender,hdt-s35352,de_hdt-ud-train-a-1.conllu
27,stellen,long,9,"Heute stellte AltaVista Deutschland seinen neuen "" freien "" Internet-Zugang FreeIn",vor,ab;an;auf;aus;bereit;dar;ein;entgegen;fertig;fest;frei;gegenüber;gleich;her;heraus;hin;infrage;klar;nach;quer;raus;richtig;sicher;um;zu;zusammen,27,"Heute stellte AltaVista Deutschland seinen neuen "" freien "" Internet-Zugang FreeIn vor .","AltaVista Deutschland seinen neuen "" freien "" Internet-Zugang FreeIn",hdt-s174641,de_hdt-ud-train-b-2.conllu
28,geben,short,0,Bürgerinitiative gegen Mobilfunk-Sender gibt,auf,ab;an;aus;bei;bekannt;bekennen;ein;frei;her;heraus;hin;mit;nach;preis;recht;rüber;statt;vor;weiter;wider;wieder;zu;zufrieden;zurück,25,Bürgerinitiative gegen Mobilfunk-Sender gibt auf,,hdt-s69967,de_hdt-ud-train-a-2.conllu
29,geben,short,0,"6,2 Prozent gaben",an,ab;auf;aus;bei;bekannt;bekennen;ein;frei;her;heraus;hin;mit;nach;preis;recht;rüber;statt;vor;weiter;wider;wieder;zu;zufrieden;zurück,25,"6,2 Prozent gaben an , ihre Arbeit sei "" ganz erheblich "" behindert worden .",,hdt-s52379,de_hdt-ud-train-a-1.conllu
30,geben,short,0,MSN gab,an,ab;auf;aus;bei;bekannt;bekennen;ein;frei;her;heraus;hin;mit;nach;preis;recht;rüber;statt;vor;weiter;wider;wieder;zu;zufrieden;zurück,25,"MSN gab an , den entsprechenden E-Mail-Account sofort sperren zu wollen .",,hdt-s115346,de_hdt-ud-test.conllu
31,geben,medium,5,Dies gaben die Firmen an dem Montag,bekannt,ab;an;auf;aus;bei;bekennen;ein;frei;her;heraus;hin;mit;nach;preis;recht;rüber;statt;vor;weiter;wider;wieder;zu;zufrieden;zurück,25,Dies gaben die Firmen am Montag bekannt .,die Firmen an dem Montag,hdt-s53447,de_hdt-ud-train-a-1.conllu
32,geben,medium,4,Zahlen zu dem Netto-Ergebnis gab Amazon bislang jedoch nicht,bekannt,ab;an;auf;aus;bei;bekennen;ein;frei;her;heraus;hin;mit;nach;preis;recht;rüber;statt;vor;weiter;wider;wieder;zu;zufrieden;zurück,25,Zahlen zum Netto-Ergebnis gab Amazon bislang jedoch nicht bekannt - den endgültigen Geschäftsbericht für das vierte Quartal und das abgelaufene Geschäftsjahr will Amazon am 30. Januar vorstellen .,Amazon bislang jedoch nicht,hdt-s136981,de_hdt-ud-train-b-1.conllu
33,geben,medium,4,An dem 1. Juni gibt der Verlag die Preisträger,bekannt,ab;an;auf;aus;bei;bekennen;ein;frei;her;heraus;hin;mit;nach;preis;recht;rüber;statt;vor;weiter;wider;wieder;zu;zufrieden;zurück,25,Am 1. Juni gibt der Verlag die Preisträger bekannt .,der Verlag die Preisträger,hdt-s117170,de_hdt-ud-test.conllu
34,geben,long,17,British Telecom gibt damit ihren Widerstand gegen den Ankauf des 30-Prozent-Anteils der spanischen Bank Banco Santander Central Hispano durch Vodafone,auf,ab;an;aus;bei;bekannt;bekennen;ein;frei;her;heraus;hin;mit;nach;preis;recht;rüber;statt;vor;weiter;wider;wieder;zu;zufrieden;zurück,25,British Telecom gibt damit ihren Widerstand gegen den Ankauf des 30-Prozent-Anteils der spanischen Bank Banco Santander Central Hispano durch Vodafone auf .,damit ihren Widerstand gegen den Ankauf des 30-Prozent-Anteils der spanischen Bank Banco Santander Central Hispano durch Vodafone,hdt-s110615,de_hdt-ud-dev.conllu
35,geben,long,10,"Wollte der von L&H zu diesem Zeitpunkt beauftragte Wirtschaftsprüfer KPMG die vermeintlich getätigten Verkäufe nachvollziehen , so gaben sich einfach die Mitarbeiter des Managements als die entsprechenden Kunden",aus,ab;an;auf;bei;bekannt;bekennen;ein;frei;her;heraus;hin;mit;nach;preis;recht;rüber;statt;vor;weiter;wider;wieder;zu;zufrieden;zurück,25,"Wollte der von L&H zu diesem Zeitpunkt beauftragte Wirtschaftsprüfer KPMG die vermeintlich getätigten Verkäufe nachvollziehen , so gaben sich einfach die Mitarbeiter des Managements als die entsprechenden Kunden aus .",sich einfach die Mitarbeiter des Managements als die entsprechenden Kunden,hdt-s67145,de_hdt-ud-train-a-2.conllu
36,geben,long,9,Dies gab heute NSI unter Berufung auf eine Mitteilung der Ermittler,bekannt,ab;an;auf;aus;bei;bekennen;ein;frei;her;heraus;hin;mit;nach;preis;recht;rüber;statt;vor;weiter;wider;wieder;zu;zufrieden;zurück,25,Dies gab heute NSI unter Berufung auf eine Mitteilung der Ermittler bekannt .,heute NSI unter Berufung auf eine Mitteilung der Ermittler,hdt-s111146,de_hdt-ud-dev.conllu
37,nehmen,short,0,IT-Investitionen nehmen,zu,ab;an;auf;aus;ein;entgegen;ernst;fest;heraus;hin;hinzu;mit;teil;vor;wahr;war;weg;zurück,19,IT-Investitionen nehmen zu,,hdt-s48263,de_hdt-ud-train-a-1.conllu
38,nehmen,short,1,Der Bedarf an 16-MBit-DRAMs nimmt aber,zu,ab;an;auf;aus;ein;entgegen;ernst;fest;heraus;hin;hinzu;mit;teil;vor;wahr;war;weg;zurück,19,"Der Bedarf an 16-MBit-DRAMs nimmt aber zu , weil in tragbaren und in preiswerten Digitalgeräten oft kleinere Hauptspeicher stecken .",aber,hdt-s42753,de_hdt-ud-train-a-1.conllu
39,nehmen,short,0,Kritik an UMTS-Versteigerung nimmt,zu,ab;an;auf;aus;ein;entgegen;ernst;fest;heraus;hin;hinzu;mit;teil;vor;wahr;war;weg;zurück,19,Kritik an UMTS-Versteigerung nimmt zu,,hdt-s172165,de_hdt-ud-train-b-2.conllu
40,nehmen,medium,6,So nähmen sich einige Anbieter zu dem Beispiel,heraus,ab;an;auf;aus;ein;entgegen;ernst;fest;hin;hinzu;mit;teil;vor;wahr;war;weg;zu;zurück,19,"So nähmen sich einige Anbieter zum Beispiel heraus , sämtliche Kundendaten an Dritte weiterzugeben .",sich einige Anbieter zu dem Beispiel,hdt-s118316,de_hdt-ud-test.conllu
41,nehmen,medium,7,Insgesamt nahmen 50 Verwaltungen mit Ideen und Vorschlägen daran,teil,ab;an;auf;aus;ein;entgegen;ernst;fest;heraus;hin;hinzu;mit;vor;wahr;war;weg;zu;zurück,19,"Insgesamt nahmen 50 Verwaltungen mit Ideen und Vorschlägen daran teil , berichteten die Veranstalter , das Bundesinnenministerium , die Unternehmensberatung KPMG und der Netzwerkanbieter Cisco Systems am heutigen Dienstag .",50 Verwaltungen mit Ideen und Vorschlägen daran,hdt-s172118,de_hdt-ud-train-b-2.conllu
42,nehmen,medium,6,Thile nahm an allen entscheidenden Schlachten der Befreiungskriege,teil,ab;an;auf;aus;ein;entgegen;ernst;fest;heraus;hin;hinzu;mit;vor;wahr;war;weg;zu;zurück,19,Thile nahm an allen entscheidenden Schlachten der Befreiungskriege teil.,an allen entscheidenden Schlachten der Befreiungskriege,train-s4881,de_gsd-ud-train.conllu
43,nehmen,long,13,"38 deutsche Banken nahmen , wie die Deutsche Bundesbank berichtet , offenbar nach ersten Auswertungen daran erfolgreich",teil,ab;an;auf;aus;ein;entgegen;ernst;fest;heraus;hin;hinzu;mit;vor;wahr;war;weg;zu;zurück,19,"38 deutsche Banken nahmen , wie die Deutsche Bundesbank berichtet , offenbar nach ersten Auswertungen daran erfolgreich teil :",", wie die Deutsche Bundesbank berichtet , offenbar nach ersten Auswertungen daran erfolgreich",hdt-s96696,de_hdt-ud-train-a-2.conllu
44,nehmen,long,9,"An dritter Stelle liegt Yahoo mit knapp 59 Millionen Besuchern , den vierten Rang nimmt mit großem Abstand Lycos mit gut 33 Millionen Sufern",ein,ab;an;auf;aus;entgegen;ernst;fest;heraus;hin;hinzu;mit;teil;vor;wahr;war;weg;zu;zurück,19,"An dritter Stelle liegt Yahoo mit knapp 59 Millionen Besuchern , den vierten Rang nimmt mit großem Abstand Lycos mit gut 33 Millionen Sufern ein .",mit großem Abstand Lycos mit gut 33 Millionen Sufern,hdt-s148879,de_hdt-ud-train-b-1.conllu
45,nehmen,long,8,Sowinski nahm an vielen wichtigen Gefechten der Kriege gegen Napoleon,teil,ab;an;auf;aus;ein;entgegen;ernst;fest;heraus;hin;hinzu;mit;vor;wahr;war;weg;zu;zurück,19,"Sowinski nahm an vielen wichtigen Gefechten der Kriege gegen Napoleon teil und gewann die Freundschaft seines unmittelbaren Vorgesetzten, des Prinzen August von Preußen.",an vielen wichtigen Gefechten der Kriege gegen Napoleon,train-s13069,de_gsd-ud-train.conllu
46,setzen,short,1,Die Kommission entscheidet als Vertragpartner der Registry in dem übrigen auch über eine etwaige Redelegation und setzt damit,um,ab;an;auf;aus;auseinander;drauf;durch;ein;entgegen;fest;fort;frei;gleich;hinzu;hoch;voraus;zu;zurück;zusammen,20,"Die Kommission entscheidet als Vertragpartner der Registry im übrigen auch über eine etwaige Redelegation und setzt damit um , was der Regierungsbeirat der ICANN für alle Länderdomains ( ccTLD ) verlangt .",damit,hdt-s156200,de_hdt-ud-train-b-1.conllu
47,setzen,short,0,Entsprechende Anfragen setzen,voraus,ab;an;auf;aus;auseinander;drauf;durch;ein;entgegen;fest;fort;frei;gleich;hinzu;hoch;um;zu;zurück;zusammen,20,"Entsprechende Anfragen setzen voraus , dass Einträge im Katalog vorliegen .",,hdt-s10327,de_hdt-ud-test.conllu
48,setzen,short,2,Das krisengeschüttelte Softwareunternehmen Infomatec setzt seinen Verkleinerungskurs,fort,ab;an;auf;aus;auseinander;drauf;durch;ein;entgegen;fest;frei;gleich;hinzu;hoch;um;voraus;zu;zurück;zusammen,20,Das krisengeschüttelte Softwareunternehmen Infomatec setzt seinen Verkleinerungskurs fort .,seinen Verkleinerungskurs,hdt-s137108,de_hdt-ud-train-b-1.conllu
49,setzen,medium,5,Der Personalabbau setzte sich bei der Telekom weiter,fort,ab;an;auf;aus;auseinander;drauf;durch;ein;entgegen;fest;frei;gleich;hinzu;hoch;um;voraus;zu;zurück;zusammen,20,Der Personalabbau setzte sich bei der Telekom weiter fort :,sich bei der Telekom weiter,hdt-s180741,de_hdt-ud-train-b-2.conllu
50,setzen,medium,4,Nun setzt IBM eine eigene Kampagne,auf,ab;an;aus;auseinander;drauf;durch;ein;entgegen;fest;fort;frei;gleich;hinzu;hoch;um;voraus;zu;zurück;zusammen,20,"Nun setzt IBM eine eigene Kampagne auf - für Linux natürlich , wie sich angesichts des Engagements von Big Blue für das freie Betriebssystem unschwer vermuten lässt .",IBM eine eigene Kampagne,hdt-s126771,de_hdt-ud-train-b-1.conllu
51,setzen,medium,4,Dafür setzte sie einen automatischen Kanalbohrer,ein,ab;an;auf;aus;auseinander;drauf;durch;entgegen;fest;fort;frei;gleich;hinzu;hoch;um;voraus;zu;zurück;zusammen,20,"Dafür setzte sie einen automatischen Kanalbohrer ein , der die ausgebohrte Erde automatisch hinter sich spült .",sie einen automatischen Kanalbohrer,hdt-s125876,de_hdt-ud-train-b-1.conllu
52,setzen,long,15,Mit der neu gegründeten Firma New Internet Computer Co. ( NIC ) setzt er jetzt seine bislang von der Industrie verschmähte Idee von dem Netzwerk-Computer in die Praxis,um,ab;an;auf;aus;auseinander;drauf;durch;ein;entgegen;fest;fort;frei;gleich;hinzu;hoch;voraus;zu;zurück;zusammen,20,Mit der neu gegründeten Firma New Internet Computer Co. ( NIC ) setzt er jetzt seine bislang von der Industrie verschmähte Idee vom Netzwerk-Computer in die Praxis um .,er jetzt seine bislang von der Industrie verschmähte Idee von dem Netzwerk-Computer in die Praxis,hdt-s206262,de_hdt-ud-train-b-2.conllu
53,setzen,long,8,IBM setzt Kupfer schon seit rund einem Jahr bei PowerPC-Prozessoren,ein,ab;an;auf;aus;auseinander;drauf;durch;entgegen;fest;fort;frei;gleich;hinzu;hoch;um;voraus;zu;zurück;zusammen,20,IBM setzt Kupfer schon seit rund einem Jahr bei PowerPC-Prozessoren ein .,Kupfer schon seit rund einem Jahr bei PowerPC-Prozessoren,hdt-s44313,de_hdt-ud-train-a-1.conllu
54,setzen,long,15,Dell setzte in dem Juli täglich Computer in dem Wert von 30 Millionen Dollar über das Internet,ab,an;auf;aus;auseinander;drauf;durch;ein;entgegen;fest;fort;frei;gleich;hinzu;hoch;um;voraus;zu;zurück;zusammen,20,Dell setzte im Juli täglich Computer im Wert von 30 Millionen Dollar über das Internet ab .,in dem Juli täglich Computer in dem Wert von 30 Millionen Dollar über das Internet,hdt-s90081,de_hdt-ud-train-a-2.conllu
55,ziehen,short,0,Intel zieht,nach,ab;an;aus;davon;durch;ein;gleich;herab;heran;heraus;hin;hoch;mit;um;vor;vorbei;weiter;zurück;zusammen,20,Intel zieht nach :,,hdt-s11011,de_hdt-ud-test.conllu
56,ziehen,short,2,Arcor zieht bei DSL-Preisen,nach,ab;an;aus;davon;durch;ein;gleich;herab;heran;heraus;hin;hoch;mit;um;vor;vorbei;weiter;zurück;zusammen,20,Arcor zieht bei DSL-Preisen nach,bei DSL-Preisen,hdt-s200418,de_hdt-ud-train-b-2.conllu
57,ziehen,short,2,Nun ziehen sie gemeinsam,weiter,ab;an;aus;davon;durch;ein;gleich;herab;heran;heraus;hin;hoch;mit;nach;um;vor;vorbei;zurück;zusammen,20,"Nun ziehen sie gemeinsam weiter und stoßen auf ein einsames Haus, in dem ein altes Ehepaar lebt.",sie gemeinsam,train-s12312,de_gsd-ud-train.conllu
58,ziehen,medium,6,In der Folge zog er in das neugeschaffene Schottische Parlament,ein,ab;an;aus;davon;durch;gleich;herab;heran;heraus;hin;hoch;mit;nach;um;vor;vorbei;weiter;zurück;zusammen,20,In der Folge zog er in das neugeschaffene Schottische Parlament ein und wurde zum stellvertretenden Minister für Housing & Local Government ernannt.,er in das neugeschaffene Schottische Parlament,train-s12242,de_gsd-ud-train.conllu
59,ziehen,medium,6,Wie kaum eine andere öffentliche Einrichtung ziehen die verglasten Häuschen Rowdies und Randalierer,an,ab;aus;davon;durch;ein;gleich;herab;heran;heraus;hin;hoch;mit;nach;um;vor;vorbei;weiter;zurück;zusammen,20,Wie kaum eine andere öffentliche Einrichtung ziehen die verglasten Häuschen Rowdies und Randalierer an .,die verglasten Häuschen Rowdies und Randalierer,hdt-s174263,de_hdt-ud-train-b-2.conllu
60,ziehen,medium,5,Hutchison zieht sich aus Konsortium mit E-Plus,zurück,ab;an;aus;davon;durch;ein;gleich;herab;heran;heraus;hin;hoch;mit;nach;um;vor;vorbei;weiter;zusammen,20,Hutchison zieht sich aus Konsortium mit E-Plus zurück,sich aus Konsortium mit E-Plus,hdt-s35928,de_hdt-ud-train-a-1.conllu
61,ziehen,long,8,"Olicom , bislang einer der führenden Herstellern von Geräten und Adaptern für Token-Ring-Netze , zieht sich in einer überraschenden Wendung aus diesem Markt",zurück,ab;an;aus;davon;durch;ein;gleich;herab;heran;heraus;hin;hoch;mit;nach;um;vor;vorbei;weiter;zusammen,20,"Olicom , bislang einer der führenden Herstellern von Geräten und Adaptern für Token-Ring-Netze , zieht sich in einer überraschenden Wendung aus diesem Markt zurück :",sich in einer überraschenden Wendung aus diesem Markt,hdt-s125982,de_hdt-ud-train-b-1.conllu
62,ziehen,long,9,Daraufhin zog der Spiegel an dem 10. März in seiner Online-Ausgabe,nach,ab;an;aus;davon;durch;ein;gleich;herab;heran;heraus;hin;hoch;mit;um;vor;vorbei;weiter;zurück;zusammen,20,Daraufhin zog der Spiegel am 10. März in seiner Online-Ausgabe nach :,der Spiegel an dem 10. März in seiner Online-Ausgabe,hdt-s102549,de_hdt-ud-dev.conllu
63,ziehen,long,8,"Der 58jährige zieht sich , wie es hieß , aus Altersgründen",zurück,ab;an;aus;davon;durch;ein;gleich;herab;heran;heraus;hin;hoch;mit;nach;um;vor;vorbei;weiter;zusammen,20,"Der 58jährige zieht sich , wie es hieß , aus Altersgründen zurück .","sich , wie es hieß , aus Altersgründen",hdt-s57074,de_hdt-ud-train-a-1.conllu
64,machen,short,2,Nishigaki macht sich gerade,auf,aus;bekannt;dicht;fest;frei;her;kaputt;klar;locker;mit;nach;schwer;vor;weiter;wett;zu;zunichte;zunutze,19,Nishigaki macht sich gerade auf zu einer zweiwöchigen Reise zu Investoren in den USA und in Europa .,sich gerade,hdt-s33004,de_hdt-ud-train-a-1.conllu
65,machen,short,0,Drei Millionen machen,mit,auf;aus;bekannt;dicht;fest;frei;her;kaputt;klar;locker;nach;schwer;vor;weiter;wett;zu;zunichte;zunutze,19,Drei Millionen machen mit bei SETI@home,,hdt-s94395,de_hdt-ud-train-a-2.conllu
66,machen,short,0,Nur IBM macht,mit,auf;aus;bekannt;dicht;fest;frei;her;kaputt;klar;locker;nach;schwer;vor;weiter;wett;zu;zunichte;zunutze,19,Nur IBM macht mit,,hdt-s53518,de_hdt-ud-train-a-1.conllu
67,machen,medium,5,Einen weiteren Grund für den Fusionsdrang der Unternehmen macht Deninger auch bei den Aktionären,aus,auf;bekannt;dicht;fest;frei;her;kaputt;klar;locker;mit;nach;schwer;vor;weiter;wett;zu;zunichte;zunutze,19,Einen weiteren Grund für den Fusionsdrang der Unternehmen macht Deninger auch bei den Aktionären aus .,Deninger auch bei den Aktionären,hdt-s87852,de_hdt-ud-train-a-2.conllu
68,machen,medium,3,Viag Interkom macht es der Telekom,nach,auf;aus;bekannt;dicht;fest;frei;her;kaputt;klar;locker;mit;schwer;vor;weiter;wett;zu;zunichte;zunutze,19,Viag Interkom macht es der Telekom nach :,es der Telekom,hdt-s154223,de_hdt-ud-train-b-1.conllu
69,machen,medium,7,"Von den 316 Millionen in dem letzten Jahr aus dem Internet gezogenen Musiktiteln gingen 94,5 Prozent unentgeltlich durch die Leitung , und den Löwenanteil ( 228 Millionen Stück ) machten dabei Kopien aus Tauschbörsen à la Napster",aus,auf;bekannt;dicht;fest;frei;her;kaputt;klar;locker;mit;nach;schwer;vor;weiter;wett;zu;zunichte;zunutze,19,"Von den 316 Millionen im letzten Jahr aus dem Internet gezogenen Musiktiteln gingen 94,5 Prozent unentgeltlich durch die Leitung , und den Löwenanteil ( 228 Millionen Stück ) machten dabei Kopien aus Tauschbörsen à la Napster aus .",dabei Kopien aus Tauschbörsen à la Napster,hdt-s195187,de_hdt-ud-train-b-2.conllu
70,machen,long,9,"Intel sah den Grund für die gesunkenen Umsatzerwartungen bei der schwachen europäischen Nachfrage für Microprozessoren zu dem Bau von Computern , schließlich mache der PC-Sektor bei Intel einen Absatzanteil von 66 Prozent",aus,auf;bekannt;dicht;fest;frei;her;kaputt;klar;locker;mit;nach;schwer;vor;weiter;wett;zu;zunichte;zunutze,19,"Intel sah den Grund für die gesunkenen Umsatzerwartungen bei der schwachen europäischen Nachfrage für Microprozessoren zum Bau von Computern , schließlich mache der PC-Sektor bei Intel einen Absatzanteil von 66 Prozent aus .",der PC-Sektor bei Intel einen Absatzanteil von 66 Prozent,hdt-s53210,de_hdt-ud-train-a-1.conllu
71,machen,long,10,"Japanische Hersteller ( Hitachi , NEC , Fujitsu ) machen in der Top-500-Liste nur einen Anteil von etwa 10 Prozent",aus,auf;bekannt;dicht;fest;frei;her;kaputt;klar;locker;mit;nach;schwer;vor;weiter;wett;zu;zunichte;zunutze,19,"Japanische Hersteller ( Hitachi , NEC , Fujitsu ) machen in der Top-500-Liste nur einen Anteil von etwa 10 Prozent aus - und zum guten Schluss findet man darin auch noch vier Selbstbau-Cluster-Systeme einiger Unis .",in der Top-500-Liste nur einen Anteil von etwa 10 Prozent,hdt-s11146,de_hdt-ud-test.conllu
72,machen,long,17,Allein die Lizenzkosten machen etwa ein Drittel der 6 bis 8 Milliarden Mark zu dem Aufbau des landesweiten UMTS-Netzes in Deutschland,aus,auf;bekannt;dicht;fest;frei;her;kaputt;klar;locker;mit;nach;schwer;vor;weiter;wett;zu;zunichte;zunutze,19,Allein die Lizenzkosten machen etwa ein Drittel der 6 bis 8 Milliarden Mark zum Aufbau des landesweiten UMTS-Netzes in Deutschland aus .,etwa ein Drittel der 6 bis 8 Milliarden Mark zu dem Aufbau des landesweiten UMTS-Netzes in Deutschland,hdt-s52440,de_hdt-ud-train-a-1.conllu
73,fallen,short,1,Grund- oder Einwahlgebühren fallen nicht,an,ab;auf;aus;auseinander;durch;ein;flach;heraus;herein;leicht;schwer;um;weg;zu;zurück;zusammen,17,"Grund- oder Einwahlgebühren fallen nicht an , es gibt keine Mindestnutzung .",nicht,hdt-s22554,de_hdt-ud-train-a-1.conllu
74,fallen,short,2,Bei dem Konkurrenten NEC fallen 4000 Arbeitsplätze,weg,ab;an;auf;aus;auseinander;durch;ein;flach;heraus;herein;leicht;schwer;um;zu;zurück;zusammen,17,Beim Konkurrenten NEC fallen 4000 Arbeitsplätze weg .,4000 Arbeitsplätze,hdt-s66342,de_hdt-ud-train-a-2.conllu
75,fallen,short,2,"Datenspionage und Datendiebstahl , Kreditkartenbetrug , Kinderpornografie , Extremismus und Terrorismus fielen dem Außenminister",ein,ab;an;auf;aus;auseinander;durch;flach;heraus;herein;leicht;schwer;um;weg;zu;zurück;zusammen,17,"Datenspionage und Datendiebstahl , Kreditkartenbetrug , Kinderpornografie , Extremismus und Terrorismus fielen dem Außenminister ein .",dem Außenminister,hdt-s102075,de_hdt-ud-dev.conllu
76,fallen,medium,3,Falle das Gutachten positiv,aus,ab;an;auf;auseinander;durch;ein;flach;heraus;herein;leicht;schwer;um;weg;zu;zurück;zusammen,17,"Falle das Gutachten positiv aus , werde Bayern auf jeden Fall Karlsruhe anrufen , sagte Scheufele .",das Gutachten positiv,hdt-s32460,de_hdt-ud-train-a-1.conllu
77,fallen,medium,3,"Für die Basis- und Zusatzdienste , die Voicebox und dpa-Schlagzeilen fallen keine monatlichen Gebühren",an,ab;auf;aus;auseinander;durch;ein;flach;heraus;herein;leicht;schwer;um;weg;zu;zurück;zusammen,17,"Für die Basis- und Zusatzdienste , die Voicebox und dpa-Schlagzeilen fallen keine monatlichen Gebühren an .",keine monatlichen Gebühren,hdt-s197593,de_hdt-ud-train-b-2.conllu
78,fallen,medium,6,Als Neuerung fällt in der Windows- beziehungsweise KDE-Startleiste zunächst,auf,ab;an;aus;auseinander;durch;ein;flach;heraus;herein;leicht;schwer;um;weg;zu;zurück;zusammen,17,"Als Neuerung fällt in der Windows- beziehungsweise KDE-Startleiste zunächst auf , dass der Benutzer hier auswählt , welche Art von Dokument er öffnen oder erstellen möchte .",in der Windows- beziehungsweise KDE-Startleiste zunächst,hdt-s68632,de_hdt-ud-train-a-2.conllu
79,fallen,long,13,"Gestern um 7.00 Uhr fiel eine CPU in dem HTTP-Server ( Sun Enterprise 6500 , Solaris 2.7 )",aus,ab;an;auf;auseinander;durch;ein;flach;heraus;herein;leicht;schwer;um;weg;zu;zurück;zusammen,17,"Gestern um 7.00 Uhr fiel eine CPU im HTTP-Server ( Sun Enterprise 6500 , Solaris 2.7 ) aus .","eine CPU in dem HTTP-Server ( Sun Enterprise 6500 , Solaris 2.7 )",hdt-s115777,de_hdt-ud-test.conllu
80,fallen,long,8,Auch der ISDN-Anschluß in Anlagenausführung und der Primärmultiplexanschluß fallen mit 54 respektive 420 Mark pro Monat günstig,aus,ab;an;auf;auseinander;durch;ein;flach;heraus;herein;leicht;schwer;um;weg;zu;zurück;zusammen,17,Auch der ISDN-Anschluß in Anlagenausführung und der Primärmultiplexanschluß fallen mit 54 respektive 420 Mark pro Monat günstig aus .,mit 54 respektive 420 Mark pro Monat günstig,hdt-s77725,de_hdt-ud-train-a-2.conllu
81,fallen,long,27,"Zu der Zeit fallen bei T-Online neben der Grundgebühr und eventuell den Minutenpreisen für den Internet-Zugang Telefonkosten von acht Pfennig in der Hauptzeit und drei bis 4,8 Pfennig in der Nebenzeit",an,ab;auf;aus;auseinander;durch;ein;flach;heraus;herein;leicht;schwer;um;weg;zu;zurück;zusammen,17,"Zur Zeit fallen bei T-Online neben der Grundgebühr und eventuell den Minutenpreisen für den Internet-Zugang Telefonkosten von acht Pfennig in der Hauptzeit und drei bis 4,8 Pfennig in der Nebenzeit an .","bei T-Online neben der Grundgebühr und eventuell den Minutenpreisen für den Internet-Zugang Telefonkosten von acht Pfennig in der Hauptzeit und drei bis 4,8 Pfennig in der Nebenzeit",hdt-s59775,de_hdt-ud-train-a-1.conllu
82,laufen,short,0,"Aktion "" Stimm gegen Spam "" läuft",weiter,ab;an;auf;aus;davon;durch;ein;entgegen;heiss;herab;hinaus;hinterher;nach;weg;zu;zuwider,17,"Aktion "" Stimm gegen Spam "" läuft weiter",,hdt-s59903,de_hdt-ud-train-a-1.conllu
83,laufen,short,0,Ein Lizenzierungsprogramm für die Hersteller von Player-Software laufe,an,ab;auf;aus;davon;durch;ein;entgegen;heiss;herab;hinaus;hinterher;nach;weg;weiter;zu;zuwider,17,Ein Lizenzierungsprogramm für die Hersteller von Player-Software laufe an .,,hdt-s181719,de_hdt-ud-train-b-2.conllu
84,laufen,short,0,Vermittlung von ausländischen IT-Spezialisten läuft,an,ab;auf;aus;davon;durch;ein;entgegen;heiss;herab;hinaus;hinterher;nach;weg;weiter;zu;zuwider,17,Vermittlung von ausländischen IT-Spezialisten läuft an,,hdt-s39336,de_hdt-ud-train-a-1.conllu
85,laufen,medium,5,Anfang September und dann später in dem Dezember laufen Haltefristen für Telekom-Papiere von VoiceStream-Altaktionären,aus,ab;an;auf;davon;durch;ein;entgegen;heiss;herab;hinaus;hinterher;nach;weg;weiter;zu;zuwider,17,Anfang September und dann später im Dezember laufen Haltefristen für Telekom-Papiere von VoiceStream-Altaktionären aus .,Haltefristen für Telekom-Papiere von VoiceStream-Altaktionären,hdt-s151241,de_hdt-ud-train-b-1.conllu
86,laufen,medium,5,Läuft die Entwicklung dann nicht darauf,hinaus,ab;an;auf;aus;davon;durch;ein;entgegen;heiss;herab;hinterher;nach;weg;weiter;zu;zuwider,17,"Läuft die Entwicklung dann nicht darauf hinaus , dass der Dumme letztlich der Kunde ist ?",die Entwicklung dann nicht darauf,hdt-s39028,de_hdt-ud-train-a-1.conllu
87,laufen,medium,6,Aber die Regulierung laufe derzeit auf ein Oligopol der Netzbetreiber,hinaus,ab;an;auf;aus;davon;durch;ein;entgegen;heiss;herab;hinterher;nach;weg;weiter;zu;zuwider,17,"Aber die Regulierung laufe derzeit auf ein Oligopol der Netzbetreiber hinaus , das sich in den neuen UMTS-Mobilfunksystemen fortzusetzen droht .",derzeit auf ein Oligopol der Netzbetreiber,hdt-s178745,de_hdt-ud-train-b-2.conllu
88,laufen,long,8,Mit Torpedo Jaroslawl und seinem Stammklub SKA Sankt Petersburg lief er in einer Saison für zwei verschiedene Teams,auf,ab;an;aus;davon;durch;ein;entgegen;heiss;herab;hinaus;hinterher;nach;weg;weiter;zu;zuwider,17,Mit Torpedo Jaroslawl und seinem Stammklub SKA Sankt Petersburg lief er in einer Saison für zwei verschiedene Teams auf.,er in einer Saison für zwei verschiedene Teams,train-s6814,de_gsd-ud-train.conllu
89,laufen,long,12,"Nicht nur , dass sich der TimeSink Advertisement Robot nie beendet , er läuft dank Autostart-Eintrag in der Windows-Registry auch nach jedem Rechnerstart auf das neue",an,ab;auf;aus;davon;durch;ein;entgegen;heiss;herab;hinaus;hinterher;nach;weg;weiter;zu;zuwider,17,"Nicht nur , dass sich der TimeSink Advertisement Robot nie beendet , er läuft dank Autostart-Eintrag in der Windows-Registry auch nach jedem Rechnerstart aufs neue an .",dank Autostart-Eintrag in der Windows-Registry auch nach jedem Rechnerstart auf das neue,hdt-s120018,de_hdt-ud-test.conllu
90,laufen,long,11,Nach dem 10. September läuft der Rabatt in Höhe von 400 Mark für Online-Bestellungen des 2-GHz-Systems,aus,ab;an;auf;davon;durch;ein;entgegen;heiss;herab;hinaus;hinterher;nach;weg;weiter;zu;zuwider,17,Nach dem 10. September läuft der Rabatt in Höhe von 400 Mark für Online-Bestellungen des 2-GHz-Systems aus .,der Rabatt in Höhe von 400 Mark für Online-Bestellungen des 2-GHz-Systems,hdt-s45966,de_hdt-ud-train-a-1.conllu
91,bringen,short,2,Fractal Design ( http://www.fractal.com ) bringt solche Software,ein,ab;an;auf;bei;entgegen;fertig;heraus;hinzu;mit;nah;um;unter;vor;voran;zusammen,16,"Fractal Design ( http://www.fractal.com ) bringt solche Software ein wie das Malprogramm Painter , das naturgetreu das Aussehen von Ölfarben oder Zeichenkreiden nachahmt .",solche Software,hdt-s181838,de_hdt-ud-train-b-2.conllu
92,bringen,short,2,Compaq bringt neuen Alpha-Prozessor,heraus,ab;an;auf;bei;ein;entgegen;fertig;hinzu;mit;nah;um;unter;vor;voran;zusammen,16,Compaq bringt neuen Alpha-Prozessor heraus,neuen Alpha-Prozessor,hdt-s116795,de_hdt-ud-test.conllu
93,bringen,short,2,Eine Single-User-SQL-Datenbank bringt REALbasic ebenfalls,mit,ab;an;auf;bei;ein;entgegen;fertig;heraus;hinzu;nah;um;unter;vor;voran;zusammen,16,Eine Single-User-SQL-Datenbank bringt REALbasic ebenfalls mit .,REALbasic ebenfalls,hdt-s4244,de_hdt-ud-dev.conllu
94,bringen,medium,4,Hier bringt IBM erstmals das Kunststück,fertig,ab;an;auf;bei;ein;entgegen;heraus;hinzu;mit;nah;um;unter;vor;voran;zusammen,16,"Hier bringt IBM erstmals das Kunststück fertig , vier statt bisher drei Magnetscheiben auf so engem Raum unterzubringen .",IBM erstmals das Kunststück,hdt-s25780,de_hdt-ud-train-a-1.conllu
95,bringen,medium,5,Trotzdem bringt ricardo jetzt eine eigene Mode-Kollekion,heraus,ab;an;auf;bei;ein;entgegen;fertig;hinzu;mit;nah;um;unter;vor;voran;zusammen,16,Trotzdem bringt ricardo jetzt eine eigene Mode-Kollekion heraus :,ricardo jetzt eine eigene Mode-Kollekion,hdt-s178560,de_hdt-ud-train-b-2.conllu
96,bringen,medium,4,"Der Reisebranche brachte dies 14,5 Milliarden US-Dollar",ein,ab;an;auf;bei;entgegen;fertig;heraus;hinzu;mit;nah;um;unter;vor;voran;zusammen,16,"Der Reisebranche brachte dies 14,5 Milliarden US-Dollar ein .","dies 14,5 Milliarden US-Dollar",hdt-s65820,de_hdt-ud-train-a-2.conllu
97,bringen,long,10,In das gemeinsame Joint-Venture mit einem Wert von 250 Millionen Honkong-Dollar ( rund 68 Millionen Mark ) bringen die beiden Partner ihre existierenden Fabriken in der Volksrepublik China,ein,ab;an;auf;bei;entgegen;fertig;heraus;hinzu;mit;nah;um;unter;vor;voran;zusammen,16,In das gemeinsame Joint-Venture mit einem Wert von 250 Millionen Honkong-Dollar ( rund 68 Millionen Mark ) bringen die beiden Partner ihre existierenden Fabriken in der Volksrepublik China ein .,die beiden Partner ihre existierenden Fabriken in der Volksrepublik China,hdt-s43837,de_hdt-ud-train-a-1.conllu
98,bringen,long,12,Doch auch Intel bleibt nicht untätig und brachte erst vor kurzem eine Low-Voltage-Version des Mobile Pentium III mit 700 MHz,heraus,ab;an;auf;bei;ein;entgegen;fertig;hinzu;mit;nah;um;unter;vor;voran;zusammen,16,"Doch auch Intel bleibt nicht untätig und brachte erst vor kurzem eine Low-Voltage-Version des Mobile Pentium III mit 700 MHz heraus , die mit gerade mal 10 Watt im Normalbetrieb auskommt .",erst vor kurzem eine Low-Voltage-Version des Mobile Pentium III mit 700 MHz,hdt-s186700,de_hdt-ud-train-b-2.conllu
99,bringen,long,9,MainboardsChipsatz-TreiberAMD bringt für den Irongate-Chipsatz direkt einen ganzen Haufen neuer Treiber,heraus,ab;an;auf;bei;ein;entgegen;fertig;hinzu;mit;nah;um;unter;vor;voran;zusammen,16,MainboardsChipsatz-TreiberAMD bringt für den Irongate-Chipsatz direkt einen ganzen Haufen neuer Treiber heraus :,für den Irongate-Chipsatz direkt einen ganzen Haufen neuer Treiber,hdt-s145828,de_hdt-ud-train-b-1.conllu
100,schlagen,short,0,Er schlägt,vor,an;auf;aus;drauf;durch;ein;entgegen;fehl;herum;los;nieder;weiter;zu;zurück;zusammen,16,"Er schlägt vor , die persönlichen Daten von Internetnutzern als persönliches Eigentum unter entsprechend hohen Schutz zu stellen und nicht freiwilligen Vereinbarungen der Netzbetreiber und Dienstanbieter zu überlassen .",,hdt-s198873,de_hdt-ud-train-b-2.conllu
101,schlagen,short,2,"So sollte etwa der Kauf von Schüler-PCs von der Bundesregierung steuerlich gefördert werden , schlug der Branchenverband",vor,an;auf;aus;drauf;durch;ein;entgegen;fehl;herum;los;nieder;weiter;zu;zurück;zusammen,16,"So sollte etwa der Kauf von Schüler-PCs von der Bundesregierung steuerlich gefördert werden , schlug der Branchenverband vor .",der Branchenverband,hdt-s156445,de_hdt-ud-train-b-1.conllu
102,schlagen,short,0,"Robin Gape , der Vorsitzende der Arbeitsgruppe SEC LI , schlug",vor,an;auf;aus;drauf;durch;ein;entgegen;fehl;herum;los;nieder;weiter;zu;zurück;zusammen,16,"Robin Gape , der Vorsitzende der Arbeitsgruppe SEC LI , schlug vor , den Betreiber der US-Website Cryptome , wo einige nicht zur Publikation bestimmte Dokumente von SEC LI erhältlich sind , durch ETSI-Anwälte auffordern zu lassen , die Dokumente vom Netz zu nehmen .",,hdt-s96503,de_hdt-ud-train-a-2.conllu
103,schlagen,medium,4,Anoto schlägt aber noch andere Anwenungen,vor,an;auf;aus;drauf;durch;ein;entgegen;fehl;herum;los;nieder;weiter;zu;zurück;zusammen,16,Anoto schlägt aber noch andere Anwenungen vor :,aber noch andere Anwenungen,hdt-s113484,de_hdt-ud-test.conllu
104,schlagen,medium,3,Der Verband schlägt den Unternehmen zudem,vor,an;auf;aus;drauf;durch;ein;entgegen;fehl;herum;los;nieder;weiter;zu;zurück;zusammen,16,"Der Verband schlägt den Unternehmen zudem vor , den Kunden die Möglichkeit einzuräumen , sich selbst aus dem Mail-Verteiler austragen zu können .",den Unternehmen zudem,hdt-s66510,de_hdt-ud-train-a-2.conllu
105,schlagen,medium,5,"Eine solche Abgabe könnte rund 15 Mark pro Monat betragen , sei dann aber von allen volljährigen Bürgern zu entrichten , schlägt der Baden-Württembergische CDU-Fraktionschef Günther Oettinger",vor,an;auf;aus;drauf;durch;ein;entgegen;fehl;herum;los;nieder;weiter;zu;zurück;zusammen,16,"Eine solche Abgabe könnte rund 15 Mark pro Monat betragen , sei dann aber von allen volljährigen Bürgern zu entrichten , schlägt der Baden-Württembergische CDU-Fraktionschef Günther Oettinger vor .",der Baden-Württembergische CDU-Fraktionschef Günther Oettinger,hdt-s113385,de_hdt-ud-test.conllu
106,schlagen,long,17,In dieser Rechnung schlägt sich auch der Übernahmeversuch der deutschen Mannesmann AG durch die britische Vodafone AirTouch mit 148 Milliarden US-Dollar,nieder,an;auf;aus;drauf;durch;ein;entgegen;fehl;herum;los;vor;weiter;zu;zurück;zusammen,16,In dieser Rechnung schlägt sich auch der Übernahmeversuch der deutschen Mannesmann AG durch die britische Vodafone AirTouch mit 148 Milliarden US-Dollar nieder .,sich auch der Übernahmeversuch der deutschen Mannesmann AG durch die britische Vodafone AirTouch mit 148 Milliarden US-Dollar,hdt-s80545,de_hdt-ud-train-a-2.conllu
107,schlagen,long,9,Stattdessen schlug der Konzern gewisse Beschränkungen und Regeln für seine Geschäftspolitik,vor,an;auf;aus;drauf;durch;ein;entgegen;fehl;herum;los;nieder;weiter;zu;zurück;zusammen,16,Stattdessen schlug der Konzern gewisse Beschränkungen und Regeln für seine Geschäftspolitik vor .,der Konzern gewisse Beschränkungen und Regeln für seine Geschäftspolitik,hdt-s180524,de_hdt-ud-train-b-2.conllu
108,schlagen,long,11,Offensichtlich schlug die Flaute in dem PC-Geschäft der letzten Monate bei Gateway voll,zu,an;auf;aus;drauf;durch;ein;entgegen;fehl;herum;los;nieder;vor;weiter;zurück;zusammen,16,Offensichtlich schlug die Flaute im PC-Geschäft der letzten Monate bei Gateway voll zu .,die Flaute in dem PC-Geschäft der letzten Monate bei Gateway voll,hdt-s143099,de_hdt-ud-train-b-1.conllu
109,führen,short,2,Als Begründung für die geballte Kritik an Internet-Unternehmen führte der Werberat,an,ab;auf;aus;durch;ein;fort;hinab;hindurch;irre;vor;vorbei;weiter;zurück;zusammen,15,"Als Begründung für die geballte Kritik an Internet-Unternehmen führte der Werberat an , dass Webfirmen häufiger als andere Werbetreibende auf provozierende Bildmotive zurückgreifen würden , um rasch Marktbedeutung zu erlangen .",der Werberat,hdt-s201909,de_hdt-ud-train-b-2.conllu
110,führen,short,0,Man hat dort jetzt auch eine Demo-Webseite und führt,vor,ab;an;auf;aus;durch;ein;fort;hinab;hindurch;irre;vorbei;weiter;zurück;zusammen,15,"Man hat dort jetzt auch eine Demo-Webseite und führt vor , daß die ID-Nummern online nicht nur gelesen , sondern sogar heimlich geändert werden können .",,hdt-s53537,de_hdt-ud-train-a-1.conllu
111,führen,short,0,Das Unternehmen führt,an,ab;auf;aus;durch;ein;fort;hinab;hindurch;irre;vor;vorbei;weiter;zurück;zusammen,15,"Das Unternehmen führt an , gestiegene Kosten bei der Kundenwerbung im Mobilfunkbereich seien hierfür verantwortlich .",,hdt-s205709,de_hdt-ud-train-b-2.conllu
112,führen,medium,3,Ein Viertel seiner Einnahmen führt er nach Niue,ab,an;auf;aus;durch;ein;fort;hinab;hindurch;irre;vor;vorbei;weiter;zurück;zusammen,15,Ein Viertel seiner Einnahmen führt er nach Niue ab .,er nach Niue,hdt-s127591,de_hdt-ud-train-b-1.conllu
113,führen,medium,5,Nun führt der Internet-Musikdienstleister einen neuen Service,ein,ab;an;auf;aus;durch;fort;hinab;hindurch;irre;vor;vorbei;weiter;zurück;zusammen,15,Nun führt der Internet-Musikdienstleister einen neuen Service ein :,der Internet-Musikdienstleister einen neuen Service,hdt-s178132,de_hdt-ud-train-b-2.conllu
114,führen,medium,7,Science und Celera führen diese Einschränkungen auch auf die amerikanische Rechtslage,zurück,ab;an;auf;aus;durch;ein;fort;hinab;hindurch;irre;vor;vorbei;weiter;zusammen,15,"Science und Celera führen diese Einschränkungen auch auf die amerikanische Rechtslage zurück , was den Besitz von Datenbanken angeht .",diese Einschränkungen auch auf die amerikanische Rechtslage,hdt-s95490,de_hdt-ud-train-a-2.conllu
115,führen,long,13,"Nach erfolgreichem Test in den USA führt LEGO den Roboter-Baukasten "" Robotics Invention Systems 1.5 "" ab Oktober in Deutschland",ein,ab;an;auf;aus;durch;fort;hinab;hindurch;irre;vor;vorbei;weiter;zurück;zusammen,15,"Nach erfolgreichem Test in den USA führt LEGO den Roboter-Baukasten "" Robotics Invention Systems 1.5 "" ab Oktober in Deutschland ein .","LEGO den Roboter-Baukasten "" Robotics Invention Systems 1.5 "" ab Oktober in Deutschland",hdt-s47816,de_hdt-ud-train-a-1.conllu
116,führen,long,8,"Auf einer gestrigen Pre-IFA-Konferenz führte der Konzern seinen 100-Hz-Fernseher "" Lenaro 92 """,vor,ab;an;auf;aus;durch;ein;fort;hinab;hindurch;irre;vorbei;weiter;zurück;zusammen,15,"Auf einer gestrigen Pre-IFA-Konferenz führte der Konzern seinen 100-Hz-Fernseher "" Lenaro 92 "" vor , der in schickem Edel-Design daherkommt , aber zusätzlich mit inneren Werten wie DVD-Player , Dolby-5.1-Sound und eben jenen besagten Standardeinschüben für verschiedene Module glänzen kann .","der Konzern seinen 100-Hz-Fernseher "" Lenaro 92 """,hdt-s27428,de_hdt-ud-train-a-1.conllu
117,führen,long,9,Die Zuwächse führt Adobe auf das gute Geschäft mit Web-Design- und Acrobat-Software,zurück,ab;an;auf;aus;durch;ein;fort;hinab;hindurch;irre;vor;vorbei;weiter;zusammen,15,"Die Zuwächse führt Adobe auf das gute Geschäft mit Web-Design- und Acrobat-Software zurück "" Wir sind in der besten Position in der siebzehnjährigen Geschichte des Unternehmens "" , kommentierte Adobe-CEO John Warnock das Quartalsergebnis .",Adobe auf das gute Geschäft mit Web-Design- und Acrobat-Software,hdt-s15588,de_hdt-ud-test.conllu
118,treten,short,2,Bei der Analyse traten mehrere Schwachstellen,zutage,ab;an;auf;aus;bei;ein;entgegen;heran;hervor;los;vor;zurück;zusammen,14,"Bei der Analyse traten mehrere Schwachstellen zutage , die das WEP-Verfahren unter anderem wegen des verwendeten symmetrischen RC4-Algorithmus verhältnismäßig leicht angreifbar machen :",mehrere Schwachstellen,hdt-s78260,de_hdt-ud-train-a-2.conllu
119,treten,short,0,Iomega-Chef Albertson tritt,zurück,ab;an;auf;aus;bei;ein;entgegen;heran;hervor;los;vor;zusammen;zutage,14,Iomega-Chef Albertson tritt zurück,,hdt-s70880,de_hdt-ud-train-a-2.conllu
120,treten,short,2,Bei der Abgeordnetenhauswahl in Berlin 2006 traten folgende Kandidaten,an,ab;auf;aus;bei;ein;entgegen;heran;hervor;los;vor;zurück;zusammen;zutage,14,Bei der Abgeordnetenhauswahl in Berlin 2006 traten folgende Kandidaten an:,folgende Kandidaten,train-s9863,de_gsd-ud-train.conllu
121,treten,medium,5,"Nachdem er 1898 bei der Kongresswahl seinem republikanischen Herausforderer Francis W. Cushman unterlegen war , trat er in die US Army",ein,ab;an;auf;aus;bei;entgegen;heran;hervor;los;vor;zurück;zusammen;zutage,14,"Nachdem er 1898 bei der Kongresswahl seinem republikanischen Herausforderer Francis W. Cushman unterlegen war, trat er in die US Army ein und diente während des Spanisch - Amerikanischen Krieges als Generalinspektor im Rang eines Oberst in Puerto Rico.",er in die US Army,train-s5332,de_gsd-ud-train.conllu
122,treten,medium,5,Unter anderem gewann er 2005 die Kartweltmeisterschaft der Formel A. 2006 wechselte er in den Formelsport und trat in der britischen Formel BMW,an,ab;auf;aus;bei;ein;entgegen;heran;hervor;los;vor;zurück;zusammen;zutage,14,Unter anderem gewann er 2005 die Kartweltmeisterschaft der Formel A. 2006 wechselte er in den Formelsport und trat in der britischen Formel BMW an.,in der britischen Formel BMW,train-s13058,de_gsd-ud-train.conllu
123,treten,medium,5,"Das Szenario der Infowar-Simulation "" Informo "" spielt in dem Jahr 2005 : in dem Vorfeld einer Konferenz zu dem Promoting der Schweiz als Wirtschaftsstandort treten verschiedene Unregelmäßigkeiten in der Kommunikationsinfrastruktur",auf,ab;an;aus;bei;ein;entgegen;heran;hervor;los;vor;zurück;zusammen;zutage,14,"Das Szenario der Infowar-Simulation "" Informo "" spielt im Jahr 2005 : im Vorfeld einer Konferenz zum Promoting der Schweiz als Wirtschaftsstandort treten verschiedene Unregelmäßigkeiten in der Kommunikationsinfrastruktur auf .",verschiedene Unregelmäßigkeiten in der Kommunikationsinfrastruktur,hdt-s103558,de_hdt-ud-dev.conllu
124,treten,long,10,"Den in der Vergangenheit immer wieder geäußerten Gerüchten , auch DVDplanet sei pleite , tritt die Firma mit einem "" Financial Statement "" jedoch energisch",entgegen,ab;an;auf;aus;bei;ein;heran;hervor;los;vor;zurück;zusammen;zutage,14,"Den in der Vergangenheit immer wieder geäußerten Gerüchten , auch DVDplanet sei pleite , tritt die Firma mit einem "" Financial Statement "" jedoch energisch entgegen .","die Firma mit einem "" Financial Statement "" jedoch energisch",hdt-s178314,de_hdt-ud-train-b-2.conllu
125,treten,long,8,Nach einer Kontroverse trat Stein 1861 enttäuscht von seinem Amt als Rabbiner,zurück,ab;an;auf;aus;bei;ein;entgegen;heran;hervor;los;vor;zusammen;zutage,14,Nach einer Kontroverse trat Stein 1861 enttäuscht von seinem Amt als Rabbiner zurück.,Stein 1861 enttäuscht von seinem Amt als Rabbiner,train-s6529,de_gsd-ud-train.conllu
126,treten,long,11,"Laut Dirk Lohmann , Senior Manager bei Service und Support , tritt der Fehler nur "" bei einem geringen Prozentsatz "" der Geräte",auf,ab;an;aus;bei;ein;entgegen;heran;hervor;los;vor;zurück;zusammen;zutage,14,"Laut Dirk Lohmann , Senior Manager bei Service und Support , tritt der Fehler nur "" bei einem geringen Prozentsatz "" der Geräte auf , die Toshiba Ende Juni und Anfang August ausgeliefert habe .","der Fehler nur "" bei einem geringen Prozentsatz "" der Geräte",hdt-s188015,de_hdt-ud-train-b-2.conllu
127,finden,short,0,Die Gesellschaft für Konsumforschung ( GfK ) fand,heraus,ab;an;ein;statt;vor;wieder;zurecht;zurück;zusammen,10,"Die Gesellschaft für Konsumforschung ( GfK ) fand heraus , dass bereits 18 Prozent der WWW-Nutzer älter sind als 50 Jahre ( August 2000 ) .",,hdt-s124257,de_hdt-ud-train-b-1.conllu
128,finden,short,1,Auch zu den neuen Prozessoren Timna oder Itanium sowie Themen wie Beyond AGP4X oder dem Funkstandard Bluetooth finden Vorträge,statt,ab;an;ein;heraus;vor;wieder;zurecht;zurück;zusammen,10,Auch zu den neuen Prozessoren Timna oder Itanium sowie Themen wie Beyond AGP4X oder dem Funkstandard Bluetooth finden Vorträge statt .,Vorträge,hdt-s187528,de_hdt-ud-train-b-2.conllu
129,finden,short,2,In Rahmen des Festivals finden verschiedene Wettbewerbe,statt,ab;an;ein;heraus;vor;wieder;zurecht;zurück;zusammen,10,In Rahmen des Festivals finden verschiedene Wettbewerbe statt:,verschiedene Wettbewerbe,train-s11063,de_gsd-ud-train.conllu
130,finden,medium,7,Jährlich finden in Las Vegas 3.700 Messen und Versammlungen,statt,ab;an;ein;heraus;vor;wieder;zurecht;zurück;zusammen,10,"Jährlich finden in Las Vegas 3.700 Messen und Versammlungen statt , die 4,4 Milliarden US-Dollar in die Stadtkasse spülen und 4 Millionen Teilnehmer in die vielen Hotels ( die Zahlen der Messegesellschaft LVCVA beziehen sich auf 1998/1999 ) , die ständig um neue Prunkbauten ergänzt werden .",in Las Vegas 3.700 Messen und Versammlungen,hdt-s146122,de_hdt-ud-train-b-1.conllu
131,finden,medium,4,In dem Sands Convention Center findet der Linux-Teil der Comdex,statt,ab;an;ein;heraus;vor;wieder;zurecht;zurück;zusammen,10,Im Sands Convention Center findet der Linux-Teil der Comdex statt .,der Linux-Teil der Comdex,hdt-s146119,de_hdt-ud-train-b-1.conllu
132,finden,medium,4,Die an dem kommenden Montag beginnende Versteigerung finde zu einem günstigen Zeitpunkt,statt,ab;an;ein;heraus;vor;wieder;zurecht;zurück;zusammen,10,"Die am kommenden Montag beginnende Versteigerung finde zu einem günstigen Zeitpunkt statt , sagte der Präsident der Behörde , Klaus-Dieter Scheurle , am heutigen Freitag in Bonn .",zu einem günstigen Zeitpunkt,hdt-s174878,de_hdt-ud-train-b-2.conllu
133,finden,long,13,Während der Hannover Messe findet ein Kongreß der Studenten und Jungingenieure des VDI mit mehr als 1.200 Teilnehmern,statt,ab;an;ein;heraus;vor;wieder;zurecht;zurück;zusammen,10,"Während der Hannover Messe findet ein Kongreß der Studenten und Jungingenieure des VDI mit mehr als 1.200 Teilnehmern statt , auf dem sich Firmen vorstellen und Gelegenheit zu Kontakten geben .",ein Kongreß der Studenten und Jungingenieure des VDI mit mehr als 1.200 Teilnehmern,hdt-s58298,de_hdt-ud-train-a-1.conllu
134,finden,long,11,Erstmals findet ein Treffen der Internet Engineering Taskforce ( IETF ) in Deutschland,statt,ab;an;ein;heraus;vor;wieder;zurecht;zurück;zusammen,10,Erstmals findet ein Treffen der Internet Engineering Taskforce ( IETF ) in Deutschland statt .,ein Treffen der Internet Engineering Taskforce ( IETF ) in Deutschland,hdt-s106823,de_hdt-ud-dev.conllu
135,finden,long,8,Seit 1997 findet diese Struktur-Analyse zu der Internetnutzung in halbjährlichem Abstand,statt,ab;an;ein;heraus;vor;wieder;zurecht;zurück;zusammen,10,"Seit 1997 findet diese Struktur-Analyse zur Internetnutzung in halbjährlichem Abstand statt , und zwar im Namen der Auftraggeber-Gemeinschaft GfK Online Monitor .",diese Struktur-Analyse zu der Internetnutzung in halbjährlichem Abstand,hdt-s70573,de_hdt-ud-train-a-2.conllu
136,halten,short,2,An dem bislang vorgestellten Angebot der Großhandelsflatrate halte man dennoch,fest,ab;an;auf;aufrecht;aus;bereit;dagegen;durch;ein;entgegen;fern;frei;mit;offen;stand;vor;wach;zugute;zurück;zusammen,21,"Am bislang vorgestellten Angebot der Großhandelsflatrate halte man dennoch fest , betonte Broszio .",man dennoch,hdt-s201742,de_hdt-ud-train-b-2.conllu
137,halten,short,2,"Die Fernfahrer diskutierten über den Kompromiß , und ihr Verband hielt den Streikaufruf",aufrecht,ab;an;auf;aus;bereit;dagegen;durch;ein;entgegen;fern;fest;frei;mit;offen;stand;vor;wach;zugute;zurück;zusammen,21,"Die Fernfahrer diskutierten über den Kompromiß, und ihr Verband hielt den Streikaufruf aufrecht, weil er grundsätzlich jedes Strafpunktesystem mit Führerscheinentzug ablehnt.",den Streikaufruf,test-s405,de_gsd-ud-test.conllu
138,halten,short,1,Die Zahl der Swisscom-Mobilkunden ist um weitere 259.000 gestiegen ; auch der SMS-Boom hält weiter,an,ab;auf;aufrecht;aus;bereit;dagegen;durch;ein;entgegen;fern;fest;frei;mit;offen;stand;vor;wach;zugute;zurück;zusammen,21,Die Zahl der Swisscom-Mobilkunden ist um weitere 259.000 gestiegen ; auch der SMS-Boom hält weiter an .,weiter,hdt-s166749,de_hdt-ud-train-b-2.conllu
139,halten,medium,3,Trotzdem hielten sich die Börsianer,zurück,ab;an;auf;aufrecht;aus;bereit;dagegen;durch;ein;entgegen;fern;fest;frei;mit;offen;stand;vor;wach;zugute;zusammen,21,Trotzdem hielten sich die Börsianer zurück :,sich die Börsianer,hdt-s161750,de_hdt-ud-train-b-1.conllu
140,halten,medium,6,Bei dem Pentium III hält Intel jedoch weiterhin an der PSN,fest,ab;an;auf;aufrecht;aus;bereit;dagegen;durch;ein;entgegen;fern;frei;mit;offen;stand;vor;wach;zugute;zurück;zusammen,21,"Beim Pentium III hält Intel jedoch weiterhin an der PSN fest und betrachtet den Verzicht auf dieses Feature beim Celeron als marktorientierte Abgrenzung , ähnlich wie der auf 66 MHz reduzierte externe Takt ( FSB ) und der halbierte L2-Cache .",Intel jedoch weiterhin an der PSN,hdt-s13520,de_hdt-ud-test.conllu
141,halten,medium,4,Der Internet-Boom hält zudem in Deutschland unvermindert,an,ab;auf;aufrecht;aus;bereit;dagegen;durch;ein;entgegen;fern;fest;frei;mit;offen;stand;vor;wach;zugute;zurück;zusammen,21,Der Internet-Boom hält zudem in Deutschland unvermindert an :,zudem in Deutschland unvermindert,hdt-s151609,de_hdt-ud-train-b-1.conllu
142,halten,long,9,Als letzte große Firma hält damit nur noch Sun an dem Java Media Framework,fest,ab;an;auf;aufrecht;aus;bereit;dagegen;durch;ein;entgegen;fern;frei;mit;offen;stand;vor;wach;zugute;zurück;zusammen,21,Als letzte große Firma hält damit nur noch Sun am Java Media Framework fest .,damit nur noch Sun an dem Java Media Framework,hdt-s192190,de_hdt-ud-train-b-2.conllu
143,halten,long,10,Die US-Justiz hält sich die Tür für eine mögliche Zerschlagung des Softwareriesen Microsoft,offen,ab;an;auf;aufrecht;aus;bereit;dagegen;durch;ein;entgegen;fern;fest;frei;mit;stand;vor;wach;zugute;zurück;zusammen,21,Die US-Justiz hält sich die Tür für eine mögliche Zerschlagung des Softwareriesen Microsoft offen .,sich die Tür für eine mögliche Zerschlagung des Softwareriesen Microsoft,hdt-s87833,de_hdt-ud-train-a-2.conllu
144,halten,long,13,"Die ICANN-Server hielten dem Ansturm der Surfer , die sich für eine Mitgliedschaft interessierten , kaum",stand,ab;an;auf;aufrecht;aus;bereit;dagegen;durch;ein;entgegen;fern;fest;frei;mit;offen;vor;wach;zugute;zurück;zusammen,21,"Die ICANN-Server hielten dem Ansturm der Surfer , die sich für eine Mitgliedschaft interessierten , kaum stand , und wiesen anmeldungswillige Internet-Nutzer oft wegen Überlastung zurück .","dem Ansturm der Surfer , die sich für eine Mitgliedschaft interessierten , kaum",hdt-s126030,de_hdt-ud-train-b-1.conllu
145,sehen,short,0,Knuthens Zeitplan sieht,vor,ab;an;aus;ein;entgegen;gegenüber;hinweg;um;voraus;zu,11,"Knuthens Zeitplan sieht vor , etwa im Jahr 2004 den Subband 4A fertiggestellt zu haben .",,hdt-s11436,de_hdt-ud-test.conllu
146,sehen,short,2,"Für 18 Prozent ist der Grund , in das WWW zu gehen , das Nutzwertinteresse an dem E-Commerce , 16 Prozent haben ein ausgeprägtes Technikinteresse und zwölf Prozent der Heavy-User sind ausgesprochen unterhaltungsorientiert , spielen online , hören Musik , sehen sich Videos",an,ab;aus;ein;entgegen;gegenüber;hinweg;um;vor;voraus;zu,11,"Für 18 Prozent ist der Grund , ins WWW zu gehen , das Nutzwertinteresse am E-Commerce , 16 Prozent haben ein ausgeprägtes Technikinteresse und zwölf Prozent der Heavy-User sind ausgesprochen unterhaltungsorientiert , spielen online , hören Musik , sehen sich Videos an oder laden sie herunter .",sich Videos,hdt-s55012,de_hdt-ud-train-a-1.conllu
147,sehen,short,2,Der Plan sieht unter anderem,vor,ab;an;aus;ein;entgegen;gegenüber;hinweg;um;voraus;zu,11,"Der Plan sieht unter anderem vor , daß in jedem Land eine ausreichende Zahl von Spezialisten zur Bekämpfung der High-Tech Kriminalität angestellt werden , daß die Staaten enger zusammenarbeiten und Angriffe auf Netzwerke sowie die Identifizierung der Täter schneller erfolgen sollen , daß ein Straftäter auch in dem Land zur Rechenschaft gezogen werden kann , in das er geflohen ist , wenn eine Auslieferung nicht möglich ist , und daß entsprechende Gesetze für eine leichtere Strafverfolgung geschaffen werden müssen .",unter anderem,hdt-s96137,de_hdt-ud-train-a-2.conllu
148,sehen,medium,5,Die Deutsche Telekom sieht sich zunehmend Kritik von Marktbeobachtern,gegenüber,ab;an;aus;ein;entgegen;hinweg;um;vor;voraus;zu,11,"Die Deutsche Telekom sieht sich zunehmend Kritik von Marktbeobachtern gegenüber , sie gerate im Rennen um die Globalisierung der Telefonmärkte ins Hintertreffen .",sich zunehmend Kritik von Marktbeobachtern,hdt-s33070,de_hdt-ud-train-a-1.conllu
149,sehen,medium,7,Nach Berichten in dem Register sehen Gegenwart und Zukunft der M-II-Prozessoren wie folgt,aus,ab;an;ein;entgegen;gegenüber;hinweg;um;vor;voraus;zu,11,Nach Berichten im Register sehen Gegenwart und Zukunft der M-II-Prozessoren wie folgt aus :,Gegenwart und Zukunft der M-II-Prozessoren wie folgt,hdt-s188337,de_hdt-ud-train-b-2.conllu
150,sehen,medium,3,Er sieht jetzt sehr gut,aus,ab;an;ein;entgegen;gegenüber;hinweg;um;vor;voraus;zu,11,Er sieht jetzt sehr gut aus.,jetzt sehr gut,dev-s427,de_gsd-ud-dev.conllu
151,sehen,long,8,Die Situation der Branche sah in dem Frühjahr dieses Jahres eigentlich nicht besser,aus,ab;an;ein;entgegen;gegenüber;hinweg;um;vor;voraus;zu,11,"Die Situation der Branche sah im Frühjahr dieses Jahres eigentlich nicht besser aus , trotzdem schossen die Kurse damals in die Höhe .",in dem Frühjahr dieses Jahres eigentlich nicht besser,hdt-s43436,de_hdt-ud-train-a-1.conllu
152,sehen,long,8,Dieses sehe das Outsourcing der operativen Geschäftsbereiche in eigenständige Profitcenter,vor,ab;an;aus;ein;entgegen;gegenüber;hinweg;um;voraus;zu,11,Dieses sehe das Outsourcing der operativen Geschäftsbereiche in eigenständige Profitcenter vor .,das Outsourcing der operativen Geschäftsbereiche in eigenständige Profitcenter,hdt-s140586,de_hdt-ud-train-b-1.conllu
153,sehen,long,14,Über die von dem Fast-Ethernet-Standard bekannte Twisted-Pair-Verkabelung ( CAT-5 UTP ) sieht IEEE 1394b eine Übertragungsrate von 100 MBit/s bei einer maximalen Kabellänge von 100 m,vor,ab;an;aus;ein;entgegen;gegenüber;hinweg;um;voraus;zu,11,Über die vom Fast-Ethernet-Standard bekannte Twisted-Pair-Verkabelung ( CAT-5 UTP ) sieht IEEE 1394b eine Übertragungsrate von 100 MBit/s bei einer maximalen Kabellänge von 100 m vor .,IEEE 1394b eine Übertragungsrate von 100 MBit/s bei einer maximalen Kabellänge von 100 m,hdt-s26176,de_hdt-ud-train-a-1.conllu
