item_id,verb_stem,distance_bucket,n_intervening_tokens,context_sentence,correct_prefix,distractor_prefixes,full_original_sentence,intervening_text,sent_id,source_file
1,kommen,short,1,""" Unsere neuen Produkte kommen gut",an,vor;weg,""" Unsere neuen Produkte kommen gut an "" , sagte Deutschland-Geschäftsführer Frank Steinhoff am heutigen Donnerstag .",gut,hdt-s157082,de_hdt-ud-train-b-1.conllu
2,kommen,short,2,Die Polizeiarbeit komme aber nicht,weiter,zusammen;zuvor,"Die Polizeiarbeit komme aber nicht weiter , wenn nach deutschem Recht verbotene Inhalte im Ausland eingestellt werden , wo sie nicht strafbar sind .",aber nicht,hdt-s2505,de_hdt-ud-dev.conllu
3,kommen,short,1,"März 1868 , als er unter großem Beifall ausführte , das Konkordat von 1855 komme ihm",vor,weiter;zuteil,"März 1868, als er unter großem Beifall ausführte, das Konkordat von 1855 komme ihm vor.",ihm,train-s2913,de_gsd-ud-train.conllu
4,kommen,short,2,Jetzt komme es darauf,an,hin;raus,"Jetzt komme es darauf an , T-Online auf die Bereiche Inhalte und E-Commerce zu konzentrieren , sagte Markus Glockenmeier von Frankfurter Delbrück Privatbankiers .",es darauf,hdt-s179715,de_hdt-ud-train-b-2.conllu
5,kommen,short,2,Erschwerend für den Exmonopolisten kommt außerdem noch,dazu,an;hinzu,"Erschwerend für den Exmonopolisten kommt außerdem noch dazu , dass er sich keineswegs allein auf dem Breitbankmarkt im Vereinigten Königreich ausbreiten kann .",außerdem noch,hdt-s32121,de_hdt-ud-train-a-1.conllu
6,kommen,medium,4,"E-Mail , die an GMX-Postfächer geschickt wird , kommt wieder zu den Absendern",zurück,weiter;voran,"E-Mail , die an GMX-Postfächer geschickt wird , kommt wieder zu den Absendern zurück .",wieder zu den Absendern,hdt-s111919,de_hdt-ud-dev.conllu
7,kommen,medium,5,"Das Autoradio Cape Canaveral verfügt über ein CDROM-Laufwerk , über das es MP3-Dateien von CD lesen kann ; es kommt aber auch mit normalen Audio-CDs",zurecht,zustande;weiter,"Das Autoradio Cape Canaveral verfügt über ein CDROM-Laufwerk , über das es MP3-Dateien von CD lesen kann ; es kommt aber auch mit normalen Audio-CDs zurecht .",aber auch mit normalen Audio-CDs,hdt-s47612,de_hdt-ud-train-a-1.conllu
8,kommen,medium,6,"Wer nur zwei serielle Schnittstellen an dem iMac nachrüsten möchte , kommt auch mit Keyspans USB Serial Adapter",aus,wieder;weg,"Wer nur zwei serielle Schnittstellen am iMac nachrüsten möchte , kommt auch mit Keyspans USB Serial Adapter aus .",auch mit Keyspans USB Serial Adapter,hdt-s54166,de_hdt-ud-train-a-1.conllu
9,kommen,medium,4,Doch es kommt auf das gesamte System,an,durch;hin,"Doch es kommt auf das gesamte System an , auf die Kombination aus Mainboard , Speicher , Grafikkarte und Festplatte .",auf das gesamte System,hdt-s185215,de_hdt-ud-train-b-2.conllu
10,kommen,medium,3,Die iniuria kam in zwei Typen,vor,rein;entgegen,"Die iniuria kam in zwei Typen vor: Als Verbalinjurie und als Realinjurie, was etwa Beleidigung und Körperverletzung entspricht.",in zwei Typen,train-s4466,de_gsd-ud-train.conllu
11,kommen,long,23,"Damit kommen die Hersteller auch der Kompatibilität zwischen dem einzigen wiederbeschreibbaren DVD-Format , für das es Geräte gibt , und den DVD-ROM-Playern ein gutes Stück",näher,dazu;davon,"Damit kommen die Hersteller auch der Kompatibilität zwischen dem einzigen wiederbeschreibbaren DVD-Format , für das es Geräte gibt , und den DVD-ROM-Playern ein gutes Stück näher .","die Hersteller auch der Kompatibilität zwischen dem einzigen wiederbeschreibbaren DVD-Format , für das es Geräte gibt , und den DVD-ROM-Playern ein gutes Stück",hdt-s24289,de_hdt-ud-train-a-1.conllu
12,kommen,long,14,Zu den reinen Lizenzkosten kommen Beträge in Milliardenhöhe für den Aufbau der UMTS-Netze sowie Zinsen für Kredite und Anleihen,hinzu,los;zuvor,Zu den reinen Lizenzkosten kommen Beträge in Milliardenhöhe für den Aufbau der UMTS-Netze sowie Zinsen für Kredite und Anleihen hinzu .,Beträge in Milliardenhöhe für den Aufbau der UMTS-Netze sowie Zinsen für Kredite und Anleihen,hdt-s148405,de_hdt-ud-train-b-1.conllu
13,kommen,long,8,"Sollte die Klägerin in dem Prozeß Recht bekommen , warnt er , käme dies "" einem Maulkorb für das Internet """,gleich,näher;zuvor,"Sollte die Klägerin in dem Prozeß Recht bekommen , warnt er , käme dies "" einem Maulkorb fürs Internet "" gleich .","dies "" einem Maulkorb für das Internet """,hdt-s95946,de_hdt-ud-train-a-2.conllu
14,kommen,long,11,"Es ist in einer Armbanduhr untergebracht und kommt ohne herkömmlichen Lautsprecher und ohne die übliche "" große "" Handy-Tastatur",aus,unter;hierher,"Es ist in einer Armbanduhr untergebracht und kommt ohne herkömmlichen Lautsprecher und ohne die übliche "" große "" Handy-Tastatur aus .","ohne herkömmlichen Lautsprecher und ohne die übliche "" große "" Handy-Tastatur",hdt-s74871,de_hdt-ud-train-a-2.conllu
15,kommen,long,9,So kommen die jetzt erhältlichen DVD-ROM-Laufwerke und DVD-Player nicht mit DVD-R-Discs,zurecht,vor;an,"So kommen die jetzt erhältlichen DVD-ROM-Laufwerke und DVD-Player nicht mit DVD-R-Discs zurecht , die in mehreren Sessions beschrieben sind : ihnen fehlt die Multisessionfähigkeit .",die jetzt erhältlichen DVD-ROM-Laufwerke und DVD-Player nicht mit DVD-R-Discs,hdt-s24279,de_hdt-ud-train-a-1.conllu
16,gehen,short,2,"Der Professor , der sich vor seinem Wechsel in die Informatik lange Jahre mit Statistik beschäftigt hat , ging ein Hauptargument",an,bergauf;voraus,"Der Professor , der sich vor seinem Wechsel in die Informatik lange Jahre mit Statistik beschäftigt hat , ging ein Hauptargument an , das die ganze Diskussion über die IT-Migranten auch bei der deutschen Green-Card-Regelung begleitet hat :",ein Hauptargument,hdt-s149267,de_hdt-ud-train-b-1.conllu
17,gehen,short,2,35 Prozent unter ihnen gehen sogar davon,aus,ein;zugrunde,"35 Prozent unter ihnen gehen sogar davon aus , daß es Gratistelefonate schon binnen eines Jahres geben wird .",sogar davon,hdt-s77092,de_hdt-ud-train-a-2.conllu
18,gehen,short,1,Eine E-Mail mit sexuellem Inhalt ging weltweit,herum,auf;hinaus,"Eine E-Mail mit sexuellem Inhalt ging weltweit herum , nachdem der Empfänger , ein Rechtsanwalt , sie von seinem Arbeitsplatz aus stolz an einige Freunde weitergeleitet hatte .",weltweit,hdt-s92833,de_hdt-ud-train-a-2.conllu
19,gehen,short,2,Rechtsanwalt geht gegen Abmahn-Datenbank,vor,vorbei;voran,Rechtsanwalt geht gegen Abmahn-Datenbank vor,gegen Abmahn-Datenbank,hdt-s14426,de_hdt-ud-test.conllu
20,gehen,short,1,"Die Telekom öffnet den anmeldepflichtigen T-Online-by-Call-Zugang ausschließlich über ISDN , Kunden mit analogem Anschluss gehen leer",aus,zusammen;zu,"Die Telekom öffnet den anmeldepflichtigen T-Online-by-Call-Zugang ausschließlich über ISDN , Kunden mit analogem Anschluss gehen leer aus .",leer,hdt-s199754,de_hdt-ud-train-b-2.conllu
21,gehen,medium,7,E-Plus geht mit Hutchison zu der Ersteigerung einer UMTS-Lizenz,zusammen,einher;aufwärts,E-Plus geht mit Hutchison zur Ersteigerung einer UMTS-Lizenz zusammen .,mit Hutchison zu der Ersteigerung einer UMTS-Lizenz,hdt-s143931,de_hdt-ud-train-b-1.conllu
22,gehen,medium,3,Sie geht nicht nur davon,aus,bergauf;herum,"Sie geht nicht nur davon aus , dass bereits im Jahr 2003 mehr als eine Milliarde Mobilfunk-Teilnehmer weltweit geben wird , sondern dass im selben Jahr auch die Zahl der mobilen Internet-Zugangsgeräte die Anzahl der PCs mit Internet-Anbindung übersteigt .",nicht nur davon,hdt-s20009,de_hdt-ud-train-a-1.conllu
23,gehen,medium,3,Dem Regelbetrieb in Ludwigshafen gingen Experimente in Bremen,voraus,weiter;hinaus,Dem Regelbetrieb in Ludwigshafen gingen Experimente in Bremen voraus .,Experimente in Bremen,hdt-s171165,de_hdt-ud-train-b-2.conllu
24,gehen,medium,5,Geht das Verfahren positiv für Microsoft,aus,hinweg;hinaus,"Geht das Verfahren positiv für Microsoft aus , erscheint eine erneute Anklage wegen der Serversoftware zunächst unwahrscheinlich .",das Verfahren positiv für Microsoft,hdt-s37122,de_hdt-ud-train-a-1.conllu
25,gehen,medium,3,Britische Geheimdienste gehen wieder gegen Web-Veröffentlichungen,vor,nach;weg,Britische Geheimdienste gehen wieder gegen Web-Veröffentlichungen vor,wieder gegen Web-Veröffentlichungen,hdt-s7545,de_hdt-ud-dev.conllu
26,gehen,long,36,"Aus dem Poker gingen D1 ( Telekom ) , D2 ( Vodafone ) , E-Plus , VIAG Interkom ( British Telecom ) sowie Mobilcom ( France Telecom ) und zu der Überraschung vieler auch das spanisch/finnische Konsortium G3 als Sieger",hervor,hinweg;weiter,"Aus dem Poker gingen D1 ( Telekom ) , D2 ( Vodafone ) , E-Plus , VIAG Interkom ( British Telecom ) sowie Mobilcom ( France Telecom ) und zur Überraschung vieler auch das spanisch/finnische Konsortium G3 als Sieger hervor .","D1 ( Telekom ) , D2 ( Vodafone ) , E-Plus , VIAG Interkom ( British Telecom ) sowie Mobilcom ( France Telecom ) und zu der Überraschung vieler auch das spanisch/finnische Konsortium G3 als Sieger",hdt-s56797,de_hdt-ud-train-a-1.conllu
27,gehen,long,18,Der von James Clark und Stephen Deach ( Adobe ) verfaßte Draft geht nicht nur wegen seines Umfangs weit über die von Microsoft und anderen in dem August 1997 eingereicht Note,hinaus,bergauf;ab,Der von James Clark und Stephen Deach ( Adobe ) verfaßte Draft geht nicht nur wegen seines Umfangs weit über die von Microsoft und anderen im August 1997 eingereicht Note hinaus .,nicht nur wegen seines Umfangs weit über die von Microsoft und anderen in dem August 1997 eingereicht Note,hdt-s110119,de_hdt-ud-dev.conllu
28,gehen,long,8,Der Reply geht dann wieder ordnungsgemäß als E-Mail an den Absender,zurück,verloren;vor,Der Reply geht dann wieder ordnungsgemäß als E-Mail an den Absender zurück .,dann wieder ordnungsgemäß als E-Mail an den Absender,hdt-s28418,de_hdt-ud-train-a-1.conllu
29,gehen,long,13,"Zwei Tage , bevor in Stockholm die Kerzen an den Weihnachtsbäumen angezündet wurden , gingen in dem Skandinavien-Büro von Webmiles nach nicht einmal neun Monaten Betriebszeit die Lichter",aus,auseinander;los,"Zwei Tage , bevor in Stockholm die Kerzen an den Weihnachtsbäumen angezündet wurden , gingen im Skandinavien-Büro von Webmiles nach nicht einmal neun Monaten Betriebszeit die Lichter aus - der zweite Schlag für Webmiles nach dem Ende der Kooperation mit Ricardo vor wenigen Wochen .",in dem Skandinavien-Büro von Webmiles nach nicht einmal neun Monaten Betriebszeit die Lichter,hdt-s173462,de_hdt-ud-train-b-2.conllu
30,gehen,long,12,An dem 26. Juli will Infineon die Zahlen für das morgen endende dritte Quartal vorlegen und geht von einem Gewinn von rund 300 Millionen Euro ( vor Steuern ),aus,einher;zu,Am 26. Juli will Infineon die Zahlen für das morgen endende dritte Quartal vorlegen und geht von einem Gewinn von rund 300 Millionen Euro ( vor Steuern ) aus .,von einem Gewinn von rund 300 Millionen Euro ( vor Steuern ),hdt-s46136,de_hdt-ud-train-a-1.conllu
31,stellen,short,1,Man stelle sich,vor,richtig;hin,"Man stelle sich vor , die GMD oder das Fraunhofer Institut würden hierzulande nämliches machen .",sich,hdt-s98191,de_hdt-ud-train-a-2.conllu
32,stellen,short,2,Transmeta stellt den Crusoe-Prozessor,her,fest;gleich,"Transmeta stellt den Crusoe-Prozessor her , der vor allem durch seine geringe Stromaufnahme ( unter 5 Watt bei 600 MHz ) und daher geringe Hitzeentwicklung glänzt .",den Crusoe-Prozessor,hdt-s185118,de_hdt-ud-train-b-2.conllu
33,stellen,short,2,Mögliche Konzepte stellte Marit Köhntopp,vor,sicher;nach,"Mögliche Konzepte stellte Marit Köhntopp vor , Informatikerin im Unabhängigen Datenschutzzentrum in Kiel .",Marit Köhntopp,hdt-s83982,de_hdt-ud-train-a-2.conllu
34,stellen,short,2,Diamond stellt neuen Rio,vor,dar;sicher,Diamond stellt neuen Rio vor,neuen Rio,hdt-s105358,de_hdt-ud-dev.conllu
35,stellen,short,1,Hierzu stelle ich,fest,raus;zusammen,Hierzu stelle ich fest :,ich,hdt-s50985,de_hdt-ud-train-a-1.conllu
36,stellen,medium,5,Vielmehr stellten sie in dem Wesentlichen darauf,ab,vor;ein,"Vielmehr stellten sie im Wesentlichen darauf ab , dass das Gerät derzeit die Existenz von privaten Fernsehanbietern noch nicht bedrohe .",sie in dem Wesentlichen darauf,hdt-s59641,de_hdt-ud-train-a-1.conllu
37,stellen,medium,5,"Um in Zukunft wieder Gewinne einzufahren , stellt T-Online jetzt ein verlustträchtiges Angebot",ein,um;dar,"Um in Zukunft wieder Gewinne einzufahren , stellt T-Online jetzt ein verlustträchtiges Angebot ein :",T-Online jetzt ein verlustträchtiges Angebot,hdt-s20247,de_hdt-ud-train-a-1.conllu
38,stellen,medium,7,"Die US-Firma Invention Machine Corporation stellt einen "" Knowledge-Processor "" für das Internet",vor,richtig;dar,"Die US-Firma Invention Machine Corporation stellt einen "" Knowledge-Processor "" für das Internet vor .","einen "" Knowledge-Processor "" für das Internet",hdt-s49833,de_hdt-ud-train-a-1.conllu
39,stellen,medium,6,Die Datenmengen bei der Aufzeichnung von Video in dem MPEG-2- oder MPEG-4-Format stellten für die Microdrives überhaupt kein Problem,dar,ab;frei,"Die Datenmengen bei der Aufzeichnung von Video im MPEG-2- oder MPEG-4-Format stellten für die Microdrives überhaupt kein Problem dar , meint Berger .",für die Microdrives überhaupt kein Problem,hdt-s205146,de_hdt-ud-train-b-2.conllu
40,stellen,medium,5,"Die Sonne-Flatrate war bereits in dem September des letzten Jahres untergegangen , das Sonnet-Portal stellte die Firma dann Mitte Dezember",ein,zusammen;nach,"Die Sonne-Flatrate war bereits im September des letzten Jahres untergegangen , das Sonnet-Portal stellte die Firma dann Mitte Dezember ein .",die Firma dann Mitte Dezember,hdt-s199580,de_hdt-ud-train-b-2.conllu
41,stellen,long,16,Als vollständig kompatibel zu der Version 6.3 des X Window System stellte NetManage auf der CeBIT den in dem letzten Jahr von Age Logic übernommenen X-Server für PCs,vor,sicher;heraus,Als vollständig kompatibel zur Version 6.3 des X Window System stellte NetManage auf der CeBIT den im letzten Jahr von Age Logic übernommenen X-Server für PCs vor .,NetManage auf der CeBIT den in dem letzten Jahr von Age Logic übernommenen X-Server für PCs,hdt-s192763,de_hdt-ud-train-b-2.conllu
42,stellen,long,9,Das Heinz Nixdorf Museum in Paderborn stellt für diese Aktion eine Etage samt der benötigten Energieversorgung,bereit,auf;infrage,Das Heinz Nixdorf Museum in Paderborn stellt für diese Aktion eine Etage samt der benötigten Energieversorgung bereit .,für diese Aktion eine Etage samt der benötigten Energieversorgung,hdt-s17523,de_hdt-ud-test.conllu
43,stellen,long,9,Dies stellte an dem Freitag die britische E-Zine Need To Know,fest,gegenüber;her,Dies stellte am Freitag die britische E-Zine Need To Know fest .,an dem Freitag die britische E-Zine Need To Know,hdt-s105758,de_hdt-ud-dev.conllu
44,stellen,long,9,Baan stellt wie die noch größere Walldorfer SAP Software für Großunternehmen,her,aus;fertig,Baan stellt wie die noch größere Walldorfer SAP Software für Großunternehmen her .,wie die noch größere Walldorfer SAP Software für Großunternehmen,hdt-s119198,de_hdt-ud-test.conllu
45,stellen,long,8,"Die Asia Pacific Telecommunity ( APT ) , ein auf einem zwischenstaatlichen Vertrag beruhender regionaler Telekommunikationsverbund , hatte Anfang November die so genannte Tokyo Declaration verabschiedet , in der sich die Informations- und Telekommunikationsminister der APT-Mitgliederstaaten auf Entwicklungsgrundsätze in dem Bereich der Informations- und Kommunikationstechniken verständigt hatten - diese Deklaration stellt ein Pendant zu dem europäischen Internet-Entwicklungsplans E-Europe 2002",dar,fertig;her,"Die Asia Pacific Telecommunity ( APT ) , ein auf einem zwischenstaatlichen Vertrag beruhender regionaler Telekommunikationsverbund , hatte Anfang November die so genannte Tokyo Declaration verabschiedet , in der sich die Informations- und Telekommunikationsminister der APT-Mitgliederstaaten auf Entwicklungsgrundsätze im Bereich der Informations- und Kommunikationstechniken verständigt hatten - diese Deklaration stellt ein Pendant zum europäischen Internet-Entwicklungsplans E-Europe 2002 dar .",ein Pendant zu dem europäischen Internet-Entwicklungsplans E-Europe 2002,hdt-s31901,de_hdt-ud-train-a-1.conllu
46,geben,short,2,Anderthalb Jahre später gab die Firma,auf,ein;bekennen,Anderthalb Jahre später gab die Firma auf :,die Firma,hdt-s153306,de_hdt-ud-train-b-1.conllu
47,geben,short,0,Der Prozessorhersteller gab,an,preis;zurück,"Der Prozessorhersteller gab an , die Wiederherstellung des Steuerungssystems habe rund 20.000 US-Dollar gekostet .",,hdt-s178806,de_hdt-ud-train-b-2.conllu
48,geben,short,1,Als einen Grund für den schlappen PC-Absatz gab IDC,an,wider;heraus,"Als einen Grund für den schlappen PC-Absatz gab IDC an , dass Großfirmen bei Investitionen in Hardware zögerlicher seien als erwartet .",IDC,hdt-s45418,de_hdt-ud-train-a-1.conllu
49,geben,short,0,IDT gibt,an,ein;vor,"IDT gibt an , die Lieferengpässe beim W2-Chips ausgeräumt zu haben und die Versionen mit 200 , 225 und 240 MHz in Stückzahlen liefern zu können , auch in Ausführungen mit 3,3 Volt .",,hdt-s187269,de_hdt-ud-train-b-2.conllu
50,geben,short,2,Als Grund gab ein Funktionär,an,preis;frei,"Als Grund gab ein Funktionär an, dass ""der Vater immer wieder Geld wollte"".",ein Funktionär,train-s2672,de_gsd-ud-train.conllu
51,geben,medium,3,In einer Börsenpflichtmeldung gab der Co-Shopping-Anbieter LetsBuyIt.com,bekannt,weiter;statt,"In einer Börsenpflichtmeldung gab der Co-Shopping-Anbieter LetsBuyIt.com bekannt , dass die niederländische Muttergesellschaft ein Moratorium beantragt hat .",der Co-Shopping-Anbieter LetsBuyIt.com,hdt-s177724,de_hdt-ud-train-b-2.conllu
52,geben,medium,3,Unzufriedenheit mit der Situation gaben nur kleine EDV-Firmen,an,weiter;preis,Unzufriedenheit mit der Situation gaben nur kleine EDV-Firmen an .,nur kleine EDV-Firmen,hdt-s35693,de_hdt-ud-train-a-1.conllu
53,geben,medium,3,Intel gab außerdem erstmals offiziell,bekannt,ein;heraus,"Intel gab außerdem erstmals offiziell bekannt , einen neuen Prozessor für Low-Cost-PCs und Internet-""Appliances"" wie Fernseh-Set-Top-Boxen zu entwickeln .",außerdem erstmals offiziell,hdt-s184720,de_hdt-ud-train-b-2.conllu
54,geben,medium,6,1906 gab er seine Arzttätigkeit sogar zunächst ganz,auf,hin;nach,1906 gab er seine Arzttätigkeit sogar zunächst ganz auf.,er seine Arzttätigkeit sogar zunächst ganz,train-s5322,de_gsd-ud-train.conllu
55,geben,medium,5,Die Regulierungsbehörde für Telekommunikation und Post gibt in wenigen Wochen den Start,frei,hin;recht,Die Regulierungsbehörde für Telekommunikation und Post gibt in wenigen Wochen den Start frei für den Aufbau von Highspeed-Mobilfunknetzen .,in wenigen Wochen den Start,hdt-s73643,de_hdt-ud-train-a-2.conllu
56,geben,long,9,Bislang gab das Unternehmen aber noch keine Details zu dem Format,bekannt,bei;hin,Bislang gab das Unternehmen aber noch keine Details zu dem Format bekannt .,das Unternehmen aber noch keine Details zu dem Format,hdt-s19255,de_hdt-ud-test.conllu
57,geben,long,8,In dem Interview gab Mühlner zudem die Investition eines hohen zweistelligen Millionenbetrags,bekannt,frei;nach,"Im Interview gab Mühlner zudem die Investition eines hohen zweistelligen Millionenbetrags bekannt , um eine eigenen Netzinfrastruktur für das europaweite Großkundengeschäft aufzubauen .",Mühlner zudem die Investition eines hohen zweistelligen Millionenbetrags,hdt-s66520,de_hdt-ud-train-a-2.conllu
58,geben,long,17,Als weitere Neuerungen gibt Microsoft die Unterstützung von Dynamic HTML ( DHTML ) und Synchronized Multimedia Integration Language ( SMIL ),an,bei;preis,Als weitere Neuerungen gibt Microsoft die Unterstützung von Dynamic HTML ( DHTML ) und Synchronized Multimedia Integration Language ( SMIL ) an .,Microsoft die Unterstützung von Dynamic HTML ( DHTML ) und Synchronized Multimedia Integration Language ( SMIL ),hdt-s112997,de_hdt-ud-test.conllu
59,geben,long,9,"An dem Freitag gab das Papier um über 11 Prozent auf 2,71 Euro",nach,vor;heraus,"Am Freitag gab das Papier um über 11 Prozent auf 2,71 Euro nach .","das Papier um über 11 Prozent auf 2,71 Euro",hdt-s152321,de_hdt-ud-train-b-1.conllu
60,geben,long,15,"In dem nachbörslichen Handel gab der Kurs bei vergleichsweise hohem Handelsvolumen noch einmal um über 6 Prozent auf 52,06 US-Dollar",nach,mit;an,"Im nachbörslichen Handel gab der Kurs bei vergleichsweise hohem Handelsvolumen noch einmal um über 6 Prozent auf 52,06 US-Dollar nach .","der Kurs bei vergleichsweise hohem Handelsvolumen noch einmal um über 6 Prozent auf 52,06 US-Dollar",hdt-s149773,de_hdt-ud-train-b-1.conllu
61,nehmen,short,1,Der lang ersehnte Nachfolger des Bildkompressionsformats JPEG nimmt Formen,an,auf;aus,Der lang ersehnte Nachfolger des Bildkompressionsformats JPEG nimmt Formen an .,Formen,hdt-s15384,de_hdt-ud-test.conllu
62,nehmen,short,1,Das Heimnetzwerk nimmt Gestalt,an,aus;ein,Das Heimnetzwerk nimmt Gestalt an,Gestalt,hdt-s158206,de_hdt-ud-train-b-1.conllu
63,nehmen,short,2,Die Medien nahmen das Thema,auf,zurück;aus,"Die Medien nahmen das Thema auf und bezeichneten die Morde als underworld war (""Krieg der Unterwelt"");",das Thema,train-s9299,de_gsd-ud-train.conllu
64,nehmen,short,0,Studienabbrüche in der Informatik nehmen,zu,weg;zurück,Studienabbrüche in der Informatik nehmen zu,,hdt-s89555,de_hdt-ud-train-a-2.conllu
65,nehmen,short,1,Nun nimmt man,an,teil;war,"Nun nimmt man an, dass Ramius wahnsinnig geworden ist und die USA im Alleingang angreifen will.",man,train-s7826,de_gsd-ud-train.conllu
66,nehmen,medium,3,Schließlich nimmt man an Online-Auktionen,teil,mit;weg,"Schließlich nimmt man an Online-Auktionen teil , um Geld zu sparen .",man an Online-Auktionen,hdt-s196350,de_hdt-ud-train-b-2.conllu
67,nehmen,medium,7,In dem Januar 1999 nahm Sarah Flannery an Irlands Young Scientists Contest,teil,ab;fest,"Im Januar 1999 nahm Sarah Flannery an Irlands Young Scientists Contest teil , dem Gegenstück zum deutschen Jugend forscht .",Sarah Flannery an Irlands Young Scientists Contest,hdt-s82283,de_hdt-ud-train-a-2.conllu
68,nehmen,medium,6,Die Mitarbeiterzahl der Düsseldorfer Mannesmann-Gruppe nahm um 6 Prozent auf rund 28.900,zu,hin;zurück,Die Mitarbeiterzahl der Düsseldorfer Mannesmann-Gruppe nahm um 6 Prozent auf rund 28.900 zu .,um 6 Prozent auf rund 28.900,hdt-s159366,de_hdt-ud-train-b-1.conllu
69,nehmen,medium,5,Bereits damals nahmen einige Provider Vormerkungen für .eu,an,hin;zu,"Bereits damals nahmen einige Provider Vormerkungen für .eu an - in der Regel waren diese zwar kostenlos , beinhalteten aber keine rechtliche Garantie , dass ein Interessierter die Domain am Ende auch bekommt .",einige Provider Vormerkungen für .eu,hdt-s153578,de_hdt-ud-train-b-1.conllu
70,nehmen,medium,4,"Darüber kann man streiten , ich nehme mir aber das Recht",heraus,war;auf,"Darüber kann man streiten , ich nehme mir aber das Recht heraus , sie hier zu vertreten .",mir aber das Recht,hdt-s145760,de_hdt-ud-train-b-1.conllu
71,nehmen,long,24,Vor Beginn der slowenischen Meisterschaft nahmen der HK Jesenice und der HDD Olimpija Ljubljana an der ersten Austragung des neu geschaffenen und als Nachfolger der Alpenliga konzipierten Bewerbes der Interliga,teil,war;auf,Vor Beginn der slowenischen Meisterschaft nahmen der HK Jesenice und der HDD Olimpija Ljubljana an der ersten Austragung des neu geschaffenen und als Nachfolger der Alpenliga konzipierten Bewerbes der Interliga teil.,der HK Jesenice und der HDD Olimpija Ljubljana an der ersten Austragung des neu geschaffenen und als Nachfolger der Alpenliga konzipierten Bewerbes der Interliga,train-s8863,de_gsd-ud-train.conllu
72,nehmen,long,9,Zwölf Unternehmen nehmen an der Versteigerung der Lizenzen für die nächste Mobilfunkgeneration,teil,entgegen;ernst,Zwölf Unternehmen nehmen an der Versteigerung der Lizenzen für die nächste Mobilfunkgeneration teil .,an der Versteigerung der Lizenzen für die nächste Mobilfunkgeneration,hdt-s48929,de_hdt-ud-train-a-1.conllu
73,nehmen,long,9,"In den folgenden Romanen nimmt Askildsen zumeist "" die Perspektive eines Ich - Erzählers",ein,hinzu;war,"In den folgenden Romanen nimmt Askildsen zumeist ""die Perspektive eines Ich-Erzählers ein, der in einem existenzialistisch angehauchten Monolog -- ganz in der Tradition von Albert Camus 'Der Fremde oder Jean - Paul Sartres Der Ekel -- lakonisch seinen Alltag Revue passieren lässt.""","Askildsen zumeist "" die Perspektive eines Ich - Erzählers",train-s3817,de_gsd-ud-train.conllu
74,nehmen,long,8,In dem Dezember nahm Compaq wegen des schleppenden Weihnachtsgeschäfts eine weitere Berichtigung,vor,ernst;hinzu,Im Dezember nahm Compaq wegen des schleppenden Weihnachtsgeschäfts eine weitere Berichtigung vor .,Compaq wegen des schleppenden Weihnachtsgeschäfts eine weitere Berichtigung,hdt-s165653,de_hdt-ud-train-b-2.conllu
75,nehmen,long,14,"Gleichzeit nahm der Anbieter aber nur 9,1 Millionen US-Dollar durch den Verkauf von Anzeigen und User-Profilen",ein,vor;ernst,"Gleichzeit nahm der Anbieter aber nur 9,1 Millionen US-Dollar durch den Verkauf von Anzeigen und User-Profilen ein , durch die Werber gezielt Surfer ansprechen können .","der Anbieter aber nur 9,1 Millionen US-Dollar durch den Verkauf von Anzeigen und User-Profilen",hdt-s155273,de_hdt-ud-train-b-1.conllu
76,setzen,short,2,Amerikanische Kasinos setzen diese bereits,ein,zurück;zu,"Amerikanische Kasinos setzen diese bereits ein , um bekannte Falschspieler zu erkennen , ebenso wie zwei europäische Flughäfen .",diese bereits,hdt-s193640,de_hdt-ud-train-b-2.conllu
77,setzen,short,0,Das Problem der Haftbarkeit für jeden schlechten Witz setze,voraus,auf;hoch,"Das Problem der Haftbarkeit für jeden schlechten Witz setze voraus , dass die Menschen perfekt sind und nichts Unbedachtes machen , und es gefährde das durch die Verfassung geschützte Recht auf Meinungsfreiheit .",,hdt-s93613,de_hdt-ud-train-a-2.conllu
78,setzen,short,1,Bayern setzt Internet-Beirat,ein,gleich;drauf,Bayern setzt Internet-Beirat ein,Internet-Beirat,hdt-s134091,de_hdt-ud-train-b-1.conllu
79,setzen,short,2,Mehr als drei Millionen Kunden setzen Visios Diagramm-Software,ein,durch;voraus,Mehr als drei Millionen Kunden setzen Visios Diagramm-Software ein .,Visios Diagramm-Software,hdt-s183555,de_hdt-ud-train-b-2.conllu
80,setzen,short,0,Der desolaten Finanzlage des Unternehmens wegen hat der Vergleichsverwalter jedoch abgewunken : ein Vergleich setzte,voraus,aus;auf,"Der desolaten Finanzlage des Unternehmens wegen hat der Vergleichsverwalter jedoch abgewunken : ein Vergleich setzte voraus , daß ESCOM mindestens 35 Prozent der Forderungen seiner Gläubiger erfüllte .",,hdt-s89748,de_hdt-ud-train-a-2.conllu
81,setzen,medium,6,Wieder aber setzte der Supreme Court keine Verhandlung darüber,an,drauf;hinzu,Wieder aber setzte der Supreme Court keine Verhandlung darüber an .,der Supreme Court keine Verhandlung darüber,hdt-s138349,de_hdt-ud-train-b-1.conllu
82,setzen,medium,3,Der Deutsche Multimedia Verband ( dmmv ) setzt sich jetzt dafür,ein,aus;hinzu,"Der Deutsche Multimedia Verband ( dmmv ) setzt sich jetzt dafür ein , daß Werbe-EMails nur an Nutzer versandt werden dürfen , die sich ausdrücklich damit einverstanden erklärt haben ( ""opt-in""-Verfahren ) .",sich jetzt dafür,hdt-s54340,de_hdt-ud-train-a-1.conllu
83,setzen,medium,4,Selbst Intel setzt diese Chipsätze auf Server-Mainboards,ein,auseinander;fort,Selbst Intel setzt diese Chipsätze auf Server-Mainboards ein .,diese Chipsätze auf Server-Mainboards,hdt-s41598,de_hdt-ud-train-a-1.conllu
84,setzen,medium,3,Auch die konsequente Abkehr von der herkömmlichen Floppy setzt Apple bei Yosemite,fort,aus;gleich,Auch die konsequente Abkehr von der herkömmlichen Floppy setzt Apple bei Yosemite fort .,Apple bei Yosemite,hdt-s53380,de_hdt-ud-train-a-1.conllu
85,setzen,medium,7,"Die Gesellschaft setzte 295,5 ( Vorjahr 155,9 ) Millionen Dollar",um,voraus;auf,"Die Gesellschaft setzte 295,5 ( Vorjahr 155,9 ) Millionen Dollar um und erzielte einen Gewinn von 47,7 ( Vorjahr 11,1 ) Millionen Dollar .","295,5 ( Vorjahr 155,9 ) Millionen Dollar",hdt-s52596,de_hdt-ud-train-a-1.conllu
86,setzen,long,10,Nach Informationen des Spiegel setzen deutsche Polizeibehörden illegal ein Gerät zu der Überwachung von Handy-Besitzern,ein,frei;um,Nach Informationen des Spiegel setzen deutsche Polizeibehörden illegal ein Gerät zur Überwachung von Handy-Besitzern ein .,deutsche Polizeibehörden illegal ein Gerät zu der Überwachung von Handy-Besitzern,hdt-s83042,de_hdt-ud-train-a-2.conllu
87,setzen,long,14,Der kalifornische Hersteller S3 setzt mit der Ankündigung des Grafikchips Savage2000 den Trend zu immer höherer 3D-Leistung bei PC-Grafikkarten,fort,gleich;an,Der kalifornische Hersteller S3 setzt mit der Ankündigung des Grafikchips Savage2000 den Trend zu immer höherer 3D-Leistung bei PC-Grafikkarten fort .,mit der Ankündigung des Grafikchips Savage2000 den Trend zu immer höherer 3D-Leistung bei PC-Grafikkarten,hdt-s63765,de_hdt-ud-train-a-2.conllu
88,setzen,long,29,In einer knappen Entscheidung setzte sich in der Gesamtwertung die Website der scheidenden Bundestagspräsidentin Rita Süssmuth ( CDU ) gegen die rot-grüne Konkurrenz Matthias Berninger ( Bündnis90/Grüne ) und Johannes Kahrs ( SPD ),durch,drauf;zurück,In einer knappen Entscheidung setzte sich in der Gesamtwertung die Website der scheidenden Bundestagspräsidentin Rita Süssmuth ( CDU ) gegen die rot-grüne Konkurrenz Matthias Berninger ( Bündnis90/Grüne ) und Johannes Kahrs ( SPD ) durch .,sich in der Gesamtwertung die Website der scheidenden Bundestagspräsidentin Rita Süssmuth ( CDU ) gegen die rot-grüne Konkurrenz Matthias Berninger ( Bündnis90/Grüne ) und Johannes Kahrs ( SPD ),hdt-s102152,de_hdt-ud-dev.conllu
89,setzen,long,10,Für die mit bis zu 8000 Polygonen dargestellten Spielfiguren setzt Shiny seine RT-DAT-Engine ( Real Time Deformation and Tessalation ),ein,aus;hinzu,Für die mit bis zu 8000 Polygonen dargestellten Spielfiguren setzt Shiny seine RT-DAT-Engine ( Real Time Deformation and Tessalation ) ein .,Shiny seine RT-DAT-Engine ( Real Time Deformation and Tessalation ),hdt-s55038,de_hdt-ud-train-a-1.conllu
90,setzen,long,10,Die jetzt verkauften Systeme setzten gewissermaßen die schon seit einem halben Jahr laufende Pilotphase öffentlich,fort,zurück;entgegen,Die jetzt verkauften Systeme setzten gewissermaßen die schon seit einem halben Jahr laufende Pilotphase öffentlich fort .,gewissermaßen die schon seit einem halben Jahr laufende Pilotphase öffentlich,hdt-s13559,de_hdt-ud-test.conllu
91,ziehen,short,1,Der Sänger Oliver Hartmann zog sich,zurück,hoch;vor,"Der Sänger Oliver Hartmann zog sich zurück, sein Platz wurde von Mats Levén (Ex - Yngwie Malmsteen) besetzt.",sich,train-s12425,de_gsd-ud-train.conllu
92,ziehen,short,1,"Nachdem AOL in der letzten Woche einen Messenger für Linux herausgebracht hat , zog Yahoo",nach,um;aus,"Nachdem AOL in der letzten Woche einen Messenger für Linux herausgebracht hat , zog Yahoo nach und veröffentlichte am Wochenende eine Unix-Variante seines eigenen Instant Messenger .",Yahoo,hdt-s20168,de_hdt-ud-train-a-1.conllu
93,ziehen,short,2,Das Geschäft von Oracle ziehe langsam wieder,an,vor;um,Das Geschäft von Oracle ziehe langsam wieder an .,langsam wieder,hdt-s107043,de_hdt-ud-dev.conllu
94,ziehen,short,1,Microsoft zieht Spam-Filter,zurück,an;nach,Microsoft zieht Spam-Filter zurück .,Spam-Filter,hdt-s91896,de_hdt-ud-train-a-2.conllu
95,ziehen,short,1,"Nach Angaben des Blattes erklärten Bankvertreter , die Gespräche zögen sich",hin,ab;weiter,"Nach Angaben des Blattes erklärten Bankvertreter , die Gespräche zögen sich hin .",sich,hdt-s134738,de_hdt-ud-train-b-1.conllu
96,ziehen,medium,3,Motorola zieht Klage gegen Intel,zurück,hoch;heraus,Motorola zieht Klage gegen Intel zurück,Klage gegen Intel,hdt-s48142,de_hdt-ud-train-a-1.conllu
97,ziehen,medium,3,"Wenn man sie zwischen einem Professor oder dem Programm wählen ließ , zogen sie das Programm",vor,herab;heran,"Wenn man sie zwischen einem Professor oder dem Programm wählen ließ , zogen sie das Programm vor .",sie das Programm,hdt-s98955,de_hdt-ud-train-a-2.conllu
98,ziehen,medium,3,Adobe zieht Anklage gegen eBook-Hacker,zurück,vor;aus,Adobe zieht Anklage gegen eBook-Hacker zurück,Anklage gegen eBook-Hacker,hdt-s193867,de_hdt-ud-train-b-2.conllu
99,ziehen,medium,7,Ziehe man das Stromkabel aus einem fehlerhaften ISDN-Netzabschlussgerät,heraus,zurück;vorbei,"Ziehe man das Stromkabel aus einem fehlerhaften ISDN-Netzabschlussgerät heraus , könnten Metallstifte im Gerät abbrechen und im Stromkabel steckenbleiben .",man das Stromkabel aus einem fehlerhaften ISDN-Netzabschlussgerät,hdt-s200203,de_hdt-ud-train-b-2.conllu
100,ziehen,medium,6,"Kamen 1997 gerade einmal 108.000 Besucher auf das alte Messegelände , zog die Systems dieses Jahr 147.000 Interessierte",an,zusammen;durch,"Kamen 1997 gerade einmal 108.000 Besucher auf das alte Messegelände , zog die Systems dieses Jahr 147.000 Interessierte an .",die Systems dieses Jahr 147.000 Interessierte,hdt-s142845,de_hdt-ud-train-b-1.conllu
101,ziehen,long,13,Schätzungen zufolge zog das Fest schon in den 1990er Jahren acht - bis zehntausend auswärtige Besucher,an,zusammen;ein,"Schätzungen zufolge zog das Fest schon in den 1990er Jahren acht - bis zehntausend auswärtige Besucher an, so dass sich die Zahl der Menschen in der Kleinstadt an einem einzigen Tag auf das Drei - bis Vierfache erhöht.",das Fest schon in den 1990er Jahren acht - bis zehntausend auswärtige Besucher,train-s10483,de_gsd-ud-train.conllu
102,ziehen,long,11,"Meier wurde zunächst in die Kartause Ittingen überführt , später zog er sich in das Kloster St. Georgenberg bei Vomp in Tirol",zurück,zusammen;gleich,"Meier wurde zunächst in die Kartause Ittingen überführt, später zog er sich ins Kloster St. Georgenberg bei Vomp in Tirol zurück.",er sich in das Kloster St. Georgenberg bei Vomp in Tirol,train-s10381,de_gsd-ud-train.conllu
103,ziehen,long,26,"Der Chipproduzent zieht sich mit dem Verkauf der drei DRAM-Fabriken in Italien beziehungsweise Richardson , Texas und Singapur sowie der Weitergabe von zwei Joint Ventures endgültig aus dem Speichergeschäft",zurück,zusammen;vorbei,"Der Chipproduzent zieht sich mit dem Verkauf der drei DRAM-Fabriken in Italien beziehungsweise Richardson , Texas und Singapur sowie der Weitergabe von zwei Joint Ventures endgültig aus dem Speichergeschäft zurück .","sich mit dem Verkauf der drei DRAM-Fabriken in Italien beziehungsweise Richardson , Texas und Singapur sowie der Weitergabe von zwei Joint Ventures endgültig aus dem Speichergeschäft",hdt-s189583,de_hdt-ud-train-b-2.conllu
104,ziehen,long,8,Die Mehrzahl der Betroffenen zieht der Umfrage zufolge diese schriftliche Vereinbarung der Beobachtungsvariante,vor,ab;um,Die Mehrzahl der Betroffenen zieht der Umfrage zufolge diese schriftliche Vereinbarung der Beobachtungsvariante vor .,der Umfrage zufolge diese schriftliche Vereinbarung der Beobachtungsvariante,hdt-s193088,de_hdt-ud-train-b-2.conllu
105,ziehen,long,10,Anders als die meisten Softwareunternehmen zieht der ehemalige Uni-Dozent seinen Nachwuchs nämlich in einer eigenen Akademie,heran,mit;herab,Anders als die meisten Softwareunternehmen zieht der ehemalige Uni-Dozent seinen Nachwuchs nämlich in einer eigenen Akademie heran .,der ehemalige Uni-Dozent seinen Nachwuchs nämlich in einer eigenen Akademie,hdt-s31997,de_hdt-ud-train-a-1.conllu
106,machen,short,2,""" Wir brauchen Transparenz , aber ich setze auf die aufgeklärte Gesellschaft "" , machte der SPD-Politiker",klar,her;dicht,""" Wir brauchen Transparenz , aber ich setze auf die aufgeklärte Gesellschaft "" , machte der SPD-Politiker klar .",der SPD-Politiker,hdt-s178107,de_hdt-ud-train-b-2.conllu
107,machen,short,0,Mehr als 3.000 Handy-Besitzer machten,mit,bekannt;klar,"Mehr als 3.000 Handy-Besitzer machten mit und wurden von dem Geistlichen jeden Tag mit einem Bibelspruch versorgt , der für "" eine Unterbrechung im Alltag "" sorgen sollte .",,hdt-s180864,de_hdt-ud-train-b-2.conllu
108,machen,short,1,Huck und Jim machen anfangs,mit,dicht;fest,"Huck und Jim machen anfangs mit, doch dann lassen sie den Plan auffliegen.",anfangs,train-s8307,de_gsd-ud-train.conllu
109,machen,short,1,Eine alte 150-mm-Wafer-Anlage in Sagamahira macht komplett,zu,bekannt;schwer,"Eine alte 150-mm-Wafer-Anlage in Sagamahira macht komplett zu , auch andere Fertigungsstraßen für diese Wafer sollen abgebaut werden .",komplett,hdt-s29778,de_hdt-ud-train-a-1.conllu
110,machen,short,1,Schauspielerin Sandra Bullock machte es,vor,mit;wett,Schauspielerin Sandra Bullock machte es vor .,es,hdt-s129432,de_hdt-ud-train-b-1.conllu
111,machen,medium,5,Einen weiteren Grund für den Fusionsdrang der Unternehmen macht Deninger auch bei den Aktionären,aus,weiter;mit,Einen weiteren Grund für den Fusionsdrang der Unternehmen macht Deninger auch bei den Aktionären aus .,Deninger auch bei den Aktionären,hdt-s87852,de_hdt-ud-train-a-2.conllu
112,machen,medium,6,"Bezieht man die Kosten für hausinternes IT/TK-Personal mit ein , machen diese 41,1 Prozent des gesamten Investitionsvolumens",aus,zu;klar,"Bezieht man die Kosten für hausinternes IT/TK-Personal mit ein , machen diese 41,1 Prozent des gesamten Investitionsvolumens aus .","diese 41,1 Prozent des gesamten Investitionsvolumens",hdt-s48267,de_hdt-ud-train-a-1.conllu
113,machen,medium,6,Sie machen laut Zieschang zwei Drittel der Kunden,aus,her;bekannt,Sie machen laut Zieschang zwei Drittel der Kunden aus .,laut Zieschang zwei Drittel der Kunden,hdt-s180811,de_hdt-ud-train-b-2.conllu
114,machen,medium,6,"Zwar ist Online-Speicher schon heute günstig - oft genug in kleinen Portionen sogar durch Werbung quasi kostenlos , doch die hohen Verbindungskosten machen die schöne Idee zumindest in Deutschland",zunichte,mit;dicht,"Zwar ist Online-Speicher schon heute günstig - oft genug in kleinen Portionen sogar durch Werbung quasi kostenlos , doch die hohen Verbindungskosten machen die schöne Idee zumindest in Deutschland zunichte .",die schöne Idee zumindest in Deutschland,hdt-s106942,de_hdt-ud-dev.conllu
115,machen,medium,3,"Der Vorstand macht 5,4 Milliarden Mark",locker,zu;fest,"Der Vorstand macht 5,4 Milliarden Mark locker, um die restlichen Aktien von Roussel Uclaf, die bereits mehrheitlich zur Gruppe gehörende französischen Pharmafirma, zu erwerben.","5,4 Milliarden Mark",train-s1841,de_gsd-ud-train.conllu
116,machen,long,9,"Intel sah den Grund für die gesunkenen Umsatzerwartungen bei der schwachen europäischen Nachfrage für Microprozessoren zu dem Bau von Computern , schließlich mache der PC-Sektor bei Intel einen Absatzanteil von 66 Prozent",aus,auf;wett,"Intel sah den Grund für die gesunkenen Umsatzerwartungen bei der schwachen europäischen Nachfrage für Microprozessoren zum Bau von Computern , schließlich mache der PC-Sektor bei Intel einen Absatzanteil von 66 Prozent aus .",der PC-Sektor bei Intel einen Absatzanteil von 66 Prozent,hdt-s53210,de_hdt-ud-train-a-1.conllu
117,machen,long,12,"Hanns-Eberhard Schleyer , Generalsekretär des Zentralverbands des Deutschen Handwerks , machte dagegen den "" inflexiblen Arbeitsmarkt "" als wichtigsten Stolperstein der New Economy",aus,her;locker,"Hanns-Eberhard Schleyer , Generalsekretär des Zentralverbands des Deutschen Handwerks , machte dagegen den "" inflexiblen Arbeitsmarkt "" als wichtigsten Stolperstein der New Economy aus , auf die sich auch die Handwerkerbranche spätestens seit dem Start des Portals Handwerk.de eingeschossen hat .","dagegen den "" inflexiblen Arbeitsmarkt "" als wichtigsten Stolperstein der New Economy",hdt-s39135,de_hdt-ud-train-a-1.conllu
118,machen,long,10,"Japanische Hersteller ( Hitachi , NEC , Fujitsu ) machen in der Top-500-Liste nur einen Anteil von etwa 10 Prozent",aus,auf;wett,"Japanische Hersteller ( Hitachi , NEC , Fujitsu ) machen in der Top-500-Liste nur einen Anteil von etwa 10 Prozent aus - und zum guten Schluss findet man darin auch noch vier Selbstbau-Cluster-Systeme einiger Unis .",in der Top-500-Liste nur einen Anteil von etwa 10 Prozent,hdt-s11146,de_hdt-ud-test.conllu
119,machen,long,9,Dieser Zuwachs von über 200 Millionen Mark macht mehr als die Hälfte der gesamten Umsatzsteigerung des Buchmarktes,aus,mit;frei,Dieser Zuwachs von über 200 Millionen Mark macht mehr als die Hälfte der gesamten Umsatzsteigerung des Buchmarktes aus .,mehr als die Hälfte der gesamten Umsatzsteigerung des Buchmarktes,hdt-s64897,de_hdt-ud-train-a-2.conllu
120,machen,long,8,Zwar machten sie in dem Themenpark grobe Entgleisungen des Sponsoring,aus,bekannt;mit,Zwar machten sie im Themenpark grobe Entgleisungen des Sponsoring aus - etwa in Form einer Kinoachterbahn der Chemischen Industrie mit dem ausgewogenen Informationsgehalt einer Kaffeefahrt .,sie in dem Themenpark grobe Entgleisungen des Sponsoring,hdt-s173263,de_hdt-ud-train-b-2.conllu
121,fallen,short,2,Völlig indiskutabel fiel die Helligkeitsverteilung,aus,zusammen;heraus,Völlig indiskutabel fiel die Helligkeitsverteilung aus .,die Helligkeitsverteilung,hdt-s107655,de_hdt-ud-dev.conllu
122,fallen,short,2,Die zweite Maßnahme fällt weniger spektakulär,aus,zurück;ab,Die zweite Maßnahme fällt weniger spektakulär aus :,weniger spektakulär,hdt-s188496,de_hdt-ud-train-b-2.conllu
123,fallen,short,2,Die normalen Mobilsurf-Gebühren fallen jedoch weiter,an,ein;flach,"Die normalen Mobilsurf-Gebühren fallen jedoch weiter an , also 39 Pfennig pro Minute im GSM-Netz beziehungsweise volumenbasiert über GPRS .",jedoch weiter,hdt-s18055,de_hdt-ud-test.conllu
124,fallen,short,2,Bei dem Konkurrenten NEC fallen 4000 Arbeitsplätze,weg,flach;durch,Beim Konkurrenten NEC fallen 4000 Arbeitsplätze weg .,4000 Arbeitsplätze,hdt-s66342,de_hdt-ud-train-a-2.conllu
125,fallen,short,1,Manchen Teilnehmern fiel jedoch,auf,an;flach,"Manchen Teilnehmern fiel jedoch auf , daß der angeblich Angerufene zum aufgeführten Zeitpunkt außer Haus oder gar außer Landes war .",jedoch,hdt-s72188,de_hdt-ud-train-a-2.conllu
126,fallen,medium,3,""" Zu dem Glück fällt die unselige Forderung",weg,durch;zurück,""" Zum Glück fällt die unselige Forderung weg , dass jedes noch so kleine Telekommunikationsgerätchen eine Überwachungsschnittstelle haben sollte "" , freut sich Gerhard Tamm , Telekommunikationsspezialist beim Branchenverband BITKOM .",die unselige Forderung,hdt-s158398,de_hdt-ud-train-b-1.conllu
127,fallen,medium,6,""" In diesen Städten fällt fast die Hälfte des gesamten Telefonverkehrs",an,ein;zu,""" In diesen Städten fällt fast die Hälfte des gesamten Telefonverkehrs an und wir wollen im nächsten Jahr 400.000 bis 500.000 Kunden gewinnen "" , sagte Schmid .",fast die Hälfte des gesamten Telefonverkehrs,hdt-s73708,de_hdt-ud-train-a-2.conllu
128,fallen,medium,4,Netscape fällt mit 33 Prozent weiter,zurück,auf;herein,Netscape fällt mit 33 Prozent weiter zurück .,mit 33 Prozent weiter,hdt-s8418,de_hdt-ud-dev.conllu
129,fallen,medium,3,Das Frühstück fällt nicht so üppig,aus,um;ein,"Das Frühstück fällt nicht so üppig aus, ist aber immer vollständig.",nicht so üppig,train-s830,de_gsd-ud-train.conllu
130,fallen,medium,3,Auch die von Autonomen für den 17.6. angekündigten Chaos-Tage fielen mehr oder weniger,flach,weg;an,Auch die von Autonomen für den 17.6. angekündigten Chaos-Tage fielen mehr oder weniger flach .,mehr oder weniger,hdt-s98636,de_hdt-ud-train-a-2.conllu
131,fallen,long,11,"Der Entwurf falle hinter die schon bestehenden Landesgesetze in Brandenburg , Schleswig-Holstein und Berlin",zurück,ab;herein,"Der Entwurf falle hinter die schon bestehenden Landesgesetze in Brandenburg , Schleswig-Holstein und Berlin zurück .","hinter die schon bestehenden Landesgesetze in Brandenburg , Schleswig-Holstein und Berlin",hdt-s8471,de_hdt-ud-dev.conllu
132,fallen,long,10,"Besonders stark fiel dies bei dem Spitzenmodell , dem Power Mac G4/500 ,",aus,an;um,"Besonders stark fiel dies beim Spitzenmodell , dem Power Mac G4/500 , aus :","dies bei dem Spitzenmodell , dem Power Mac G4/500 ,",hdt-s205794,de_hdt-ud-train-b-2.conllu
133,fallen,long,10,Bei beiden Tarifmodellen fällt der gesamte Betrag für jeweils fünf Monate in dem Voraus,an,heraus;leicht,Bei beiden Tarifmodellen fällt der gesamte Betrag für jeweils fünf Monate im Voraus an .,der gesamte Betrag für jeweils fünf Monate in dem Voraus,hdt-s199943,de_hdt-ud-train-b-2.conllu
134,fallen,long,9,Letzte Woche fiel er mit einer seltsam aufgeregten Nachricht in dem Internet,auf,ab;auseinander,Letzte Woche fiel er mit einer seltsam aufgeregten Nachricht im Internet auf .,er mit einer seltsam aufgeregten Nachricht in dem Internet,hdt-s150353,de_hdt-ud-train-b-1.conllu
135,fallen,long,9,"Zusätzlich fällt in dem PrivateNet-Tarif eine monatliche Grundgebühr von 9,90 Mark",an,durch;weg,"Zusätzlich fällt im PrivateNet-Tarif eine monatliche Grundgebühr von 9,90 Mark an - aber nur dann , wenn der Surfer den Zugang länger als fünf Stunden im Monat nutzt .","in dem PrivateNet-Tarif eine monatliche Grundgebühr von 9,90 Mark",hdt-s200338,de_hdt-ud-train-b-2.conllu
136,laufen,short,1,Die längerfristige Strategie des Marktführers läuft darauf,hinaus,weiter;hinterher,"Die längerfristige Strategie des Marktführers läuft darauf hinaus , den Pentium-Prozessor durch den Pentium II abzulösen .",darauf,hdt-s60038,de_hdt-ud-train-a-1.conllu
137,laufen,short,2,"Mit rund 70 Millionen verkaufter PCs wurden zwar etwa 10 Millionen Einheiten mehr als 1995 losgeschlagen , doch vor allem die unerwartet niedrigen Verkaufszahlen zu dem Jahresschluß liefen den Prognosen",zuwider,an;zu,"Mit rund 70 Millionen verkaufter PCs wurden zwar etwa 10 Millionen Einheiten mehr als 1995 losgeschlagen , doch vor allem die unerwartet niedrigen Verkaufszahlen zum Jahresschluß liefen den Prognosen zuwider und drückten das Gesamtergebnis .",den Prognosen,hdt-s90985,de_hdt-ud-train-a-2.conllu
138,laufen,short,2,An dem Saisonende wurde lief Montadors Vertrag,aus,hinaus;hinterher,Am Saisonende wurde lief Montadors Vertrag aus und dieser unterschrieb einen Zweijahres - Vertrag bei den Buffalo Sabres.,Montadors Vertrag,train-s8562,de_gsd-ud-train.conllu
139,laufen,short,2,An dem 11. August läuft eine Galgenfrist,aus,an;davon,"Am 11. August läuft eine Galgenfrist aus , nach der Richardson den Kreditgebern einen plausiblen Plan für die Reorganisation seines Unternehmens präsentieren muß .",eine Galgenfrist,hdt-s84484,de_hdt-ud-train-a-2.conllu
140,laufen,short,0,Der ICANN-Wahlkampf läuft,an,herab;hinaus,Der ICANN-Wahlkampf läuft an,,hdt-s36782,de_hdt-ud-train-a-1.conllu
141,laufen,medium,4,""" Auch bei unseren Mitgliedern , also den registrierenden Providern , laufen scheinbar eine Menge Anfragen",auf,zuwider;heiss,""" Auch bei unseren Mitgliedern , also den registrierenden Providern , laufen scheinbar eine Menge Anfragen auf . """,scheinbar eine Menge Anfragen,hdt-s114237,de_hdt-ud-test.conllu
142,laufen,medium,5,Diese Tariffestlegung der Regulierungsbehörde für Telekommunikation und Post ( RegTP ) läuft zu dem 31. März 2001,aus,durch;nach,Diese Tariffestlegung der Regulierungsbehörde für Telekommunikation und Post ( RegTP ) läuft zum 31. März 2001 aus .,zu dem 31. März 2001,hdt-s175475,de_hdt-ud-train-b-2.conllu
143,laufen,medium,4,Meist laufen die Hinweise bei Hotline-Adressen,auf,nach;ein,Meist laufen die Hinweise bei Hotline-Adressen auf .,die Hinweise bei Hotline-Adressen,hdt-s114340,de_hdt-ud-test.conllu
144,laufen,medium,3,"Der große Bruder AMD Athlon mit derzeit maximal 1,4 GHz läuft all diesen Konfigurationen",davon,weiter;an,"Der große Bruder AMD Athlon mit derzeit maximal 1,4 GHz läuft all diesen Konfigurationen davon .",all diesen Konfigurationen,hdt-s185035,de_hdt-ud-train-b-2.conllu
145,laufen,medium,6,Computerspiele für Kinder laufen alt bewährten Spielen zunehmend den Rang,ab,aus;nach,Computerspiele für Kinder laufen alt bewährten Spielen zunehmend den Rang ab .,alt bewährten Spielen zunehmend den Rang,hdt-s61282,de_hdt-ud-train-a-2.conllu
146,laufen,long,8,In dem September aber laufen die Übergangsverträge zwischen ICANN und dem amerikanischen Handelsministerium,aus,herab;weg,Im September aber laufen die Übergangsverträge zwischen ICANN und dem amerikanischen Handelsministerium aus .,die Übergangsverträge zwischen ICANN und dem amerikanischen Handelsministerium,hdt-s180295,de_hdt-ud-train-b-2.conllu
147,laufen,long,15,Darüber hinaus läuft die chemische Freisetzung von Wasserstoff aus dem N - Ethylcarbazol ohne weitere Hilfsmittel vergleichsweise langsam,ab,davon;aus,"Darüber hinaus läuft die chemische Freisetzung von Wasserstoff aus dem N - Ethylcarbazol ohne weitere Hilfsmittel vergleichsweise langsam ab, was eine Fahrzeugbeschleunigung, wie sie im Automobilbau erwartet wird, nicht zustandekommen lässt.",die chemische Freisetzung von Wasserstoff aus dem N - Ethylcarbazol ohne weitere Hilfsmittel vergleichsweise langsam,train-s12812,de_gsd-ud-train.conllu
148,laufen,long,9,An dem 1. September läuft für Investoren die vertragliche Haltefrist über 170 Millionen Telekom-Papieren,aus,hinterher;hinaus,"Am 1. September läuft für Investoren die vertragliche Haltefrist über 170 Millionen Telekom-Papieren aus , die diese im Zuge der Übernahme des US-Mobilfunkanbieters VoiceStream erhalten hatten .",für Investoren die vertragliche Haltefrist über 170 Millionen Telekom-Papieren,hdt-s57800,de_hdt-ud-train-a-1.conllu
149,laufen,long,8,Mit Torpedo Jaroslawl und seinem Stammklub SKA Sankt Petersburg lief er in einer Saison für zwei verschiedene Teams,auf,weiter;weg,Mit Torpedo Jaroslawl und seinem Stammklub SKA Sankt Petersburg lief er in einer Saison für zwei verschiedene Teams auf.,er in einer Saison für zwei verschiedene Teams,train-s6814,de_gsd-ud-train.conllu
150,laufen,long,9,Nach Einschätzungen von Analysten und Industrievertretern laufen diese Ermittlungen unabhängig von der außergerichtlichen Einigung auf Hochtouren,weiter,zuwider;durch,Nach Einschätzungen von Analysten und Industrievertretern laufen diese Ermittlungen unabhängig von der außergerichtlichen Einigung auf Hochtouren weiter .,diese Ermittlungen unabhängig von der außergerichtlichen Einigung auf Hochtouren,hdt-s82562,de_hdt-ud-train-a-2.conllu
151,bringen,short,2,Weiterhin brachte das Anklagebündnis,vor,um;an,"Weiterhin brachte das Anklagebündnis vor , dass Microsoft auch gegen Paragraf eins verstoße , indem der Softwarehersteller seine Monopolstellung durch die Bündelung des Internet Explorers mit dem Betriebssystem und durch Exklusiv-Verträge mit Soft- und Hardware-Unternehmen sowie Internet-Providern zu schützen und auszubauen versuche .",das Anklagebündnis,hdt-s31930,de_hdt-ud-train-a-1.conllu
152,bringen,short,2,""" Die Bildschirmerfahrungen bringen die Kinder",ab,an;heraus,""" Die Bildschirmerfahrungen bringen die Kinder ab von der realen physischen und sozialen Welt "" .",die Kinder,hdt-s204463,de_hdt-ud-train-b-2.conllu
153,bringen,short,1,"JBuilder unterstützt jetzt mehrere JDKs , bringt Swing-Komponenten",mit,ein;ab,"JBuilder unterstützt jetzt mehrere JDKs , bringt Swing-Komponenten mit und bietet CORBA-Integration mit dem VisiBroker 3.2 .",Swing-Komponenten,hdt-s121043,de_hdt-ud-test.conllu
154,bringen,short,2,Compaq bringt neuen Alpha-Prozessor,heraus,fertig;auf,Compaq bringt neuen Alpha-Prozessor heraus,neuen Alpha-Prozessor,hdt-s116795,de_hdt-ud-test.conllu
155,bringen,short,2,Eine Single-User-SQL-Datenbank bringt REALbasic ebenfalls,mit,ein;an,Eine Single-User-SQL-Datenbank bringt REALbasic ebenfalls mit .,REALbasic ebenfalls,hdt-s4244,de_hdt-ud-dev.conllu
156,bringen,medium,5,Dies brachte ihm polizeiliche Ermittlungen wegen Wahlbehinderung,ein,vor;bei,Dies brachte ihm polizeiliche Ermittlungen wegen Wahlbehinderung ein.,ihm polizeiliche Ermittlungen wegen Wahlbehinderung,train-s11832,de_gsd-ud-train.conllu
157,bringen,medium,7,Jedes Mitglied bringt 100 Millionen US-Dollar Startkapital in das Gemeinschaftsprojekt,ein,unter;fertig,Jedes Mitglied bringt 100 Millionen US-Dollar Startkapital in das Gemeinschaftsprojekt ein .,100 Millionen US-Dollar Startkapital in das Gemeinschaftsprojekt,hdt-s13916,de_hdt-ud-test.conllu
158,bringen,medium,4,Das Flex-ATX-Board D810E2CB eignet sich für besonders kompakte Rechner und bringt optional sogar einen Onboard-LAN-Adapter,mit,ab;an,Das Flex-ATX-Board D810E2CB eignet sich für besonders kompakte Rechner und bringt optional sogar einen Onboard-LAN-Adapter mit .,optional sogar einen Onboard-LAN-Adapter,hdt-s40227,de_hdt-ud-train-a-1.conllu
159,bringen,medium,6,In diese Verbindung bringt Adaptec die PCI-Satelliten-Karte Satellite Express ABA-1040,ein,nah;um,"In diese Verbindung bringt Adaptec die PCI-Satelliten-Karte Satellite Express ABA-1040 ein , während CyberStar über die Satelliten seiner Muttergesellschaft Loral Space & Communications die Netzwerkdienste zur Verfügung stellt .",Adaptec die PCI-Satelliten-Karte Satellite Express ABA-1040,hdt-s121652,de_hdt-ud-test.conllu
160,bringen,medium,4,Motorola bringt VoxML in die Allianz,ein,an;ab,"Motorola bringt VoxML in die Allianz ein , eine XML-Sprache , die es erlaubt , Spracherkennungsfunktionen in Web-Seiten zu integrieren .",VoxML in die Allianz,hdt-s183002,de_hdt-ud-train-b-2.conllu
161,bringen,long,10,Der Clié PEG-S320 hat ein Monochrom-Display mit der Palm-OS-typischen Auflösung von 160 x 160 Bildpunkten und bringt wie alle Sony-Handhelds einen Einschub für den Sony-eigenen Memory Stick,mit,bei;nah,Der Clié PEG-S320 hat ein Monochrom-Display mit der Palm-OS-typischen Auflösung von 160 x 160 Bildpunkten und bringt wie alle Sony-Handhelds einen Einschub für den Sony-eigenen Memory Stick mit .,wie alle Sony-Handhelds einen Einschub für den Sony-eigenen Memory Stick,hdt-s190052,de_hdt-ud-train-b-2.conllu
162,bringen,long,8,So brachte Yahoo fast gleichzeitig mit Microsoft einen eigenen Messenger,heraus,ab;bei,"So brachte Yahoo fast gleichzeitig mit Microsoft einen eigenen Messenger heraus , der ebenfalls auf die Buddy-Listen des AIM zugreifen konnte und prompt ebenso von AOL geblockt wurde .",Yahoo fast gleichzeitig mit Microsoft einen eigenen Messenger,hdt-s22623,de_hdt-ud-train-a-1.conllu
163,bringen,long,8,"In ihrer Spielpuppenserie G.I. Joe bringt Hasbro nun einen "" Navajo Code Talker """,heraus,ein;um,"In ihrer Spielpuppenserie G.I. Joe bringt Hasbro nun einen "" Navajo Code Talker "" heraus , zur Erinnerung an die Einheit von Navajo-Marines , die Funksprüche in ihrer Stammessprache verschlüsselten .","Hasbro nun einen "" Navajo Code Talker """,hdt-s143470,de_hdt-ud-train-b-1.conllu
164,bringen,long,10,Inktomi bringt seine Produkte aus dem Bereich der Internet-Software in die Partnerschaft,ein,mit;heraus,Inktomi bringt seine Produkte aus dem Bereich der Internet-Software in die Partnerschaft ein und verpflichtet sich zu einer Beteiligung an Primus .,seine Produkte aus dem Bereich der Internet-Software in die Partnerschaft,hdt-s30023,de_hdt-ud-train-a-1.conllu
165,bringen,long,16,"Eine T&L-Einheit fehlt dem Kyro II allerdings immer noch , Dafür bringt er für DVD- und Video-Fans Motion-Compensation , 4:2:0 Overlay-Unterstützung , Sub-Picture-Blending , sowie Skalierung und Color-Keying",mit,nah;voran,"Eine T&L-Einheit fehlt dem Kyro II allerdings immer noch , Dafür bringt er für DVD- und Video-Fans Motion-Compensation , 4:2:0 Overlay-Unterstützung , Sub-Picture-Blending , sowie Skalierung und Color-Keying mit .","er für DVD- und Video-Fans Motion-Compensation , 4:2:0 Overlay-Unterstützung , Sub-Picture-Blending , sowie Skalierung und Color-Keying",hdt-s67496,de_hdt-ud-train-a-2.conllu
166,schlagen,short,2,Nortel schlägt bei Web-Load-Balancern,zu,entgegen;zusammen,Nortel schlägt bei Web-Load-Balancern zu,bei Web-Load-Balancern,hdt-s174866,de_hdt-ud-train-b-2.conllu
167,schlagen,short,2,"Die Kosten dafür sollen sich Eltern , Land und Industrie teilen , schlägt die Partei",vor,auf;drauf,"Die Kosten dafür sollen sich Eltern , Land und Industrie teilen , schlägt die Partei vor .",die Partei,hdt-s156909,de_hdt-ud-train-b-1.conllu
168,schlagen,short,1,ZRW-Domain-Abzocker schlagen wieder,zu,durch;drauf,ZRW-Domain-Abzocker schlagen wieder zu,wieder,hdt-s113346,de_hdt-ud-test.conllu
169,schlagen,short,1,Deshalb schlägt er,vor,zusammen;zurück,"Deshalb schlägt er vor , unter den Fraktionsmitgliedern Freiwillige zu suchen , die innerhalb der bestehenden IT-Infrastruktur des Bundestages den Einsatz von Linux und Windows 2000 erproben .",er,hdt-s69669,de_hdt-ud-train-a-2.conllu
170,schlagen,short,1,Anstatt key escrow schlägt er,vor,entgegen;ein,"Anstatt key escrow schlägt er vor , daß die Regierung doch Hacker oder vielmehr Cracker einstellen solle , um an die gewünschten Informationen heranzukommen .",er,hdt-s93830,de_hdt-ud-train-a-2.conllu
171,schlagen,medium,5,Der Bundesverband der Phonographischen Wirtschaft schlägt eine härtere Gangart gegen Musikpiraten,an,weiter;ein,Der Bundesverband der Phonographischen Wirtschaft schlägt eine härtere Gangart gegen Musikpiraten an .,eine härtere Gangart gegen Musikpiraten,hdt-s87323,de_hdt-ud-train-a-2.conllu
172,schlagen,medium,7,Die Freiburger schlagen dafür einen Metallhydridspeicher der Firma GfE Metalle,vor,zu;los,Die Freiburger schlagen dafür einen Metallhydridspeicher der Firma GfE Metalle vor .,dafür einen Metallhydridspeicher der Firma GfE Metalle,hdt-s188833,de_hdt-ud-train-b-2.conllu
173,schlagen,medium,3,"Die wirtschaftlichen Schwierigkeiten , in die Computerhersteller Apple geraten ist , schlagen auf die Bauteilelieferanten",durch,vor;an,"Die wirtschaftlichen Schwierigkeiten , in die Computerhersteller Apple geraten ist , schlagen auf die Bauteilelieferanten durch .",auf die Bauteilelieferanten,hdt-s89072,de_hdt-ud-train-a-2.conllu
174,schlagen,medium,3,Stattdessen schlägt Microsoft einzelne Regeln,vor,weiter;zusammen,"Stattdessen schlägt Microsoft einzelne Regeln vor , an die sich der Konzern in Zukunft halten will .",Microsoft einzelne Regeln,hdt-s142122,de_hdt-ud-train-b-1.conllu
175,schlagen,medium,7,Schlägt der Anbieter mehr als 2 Millionen Telefon-CDs,los,drauf;zusammen,"Schlägt der Anbieter mehr als 2 Millionen Telefon-CDs los , berechnet die Telekom nach diesen Informationen für jede weitere verkaufte CD 45 Pfennige Lizenzgebühr .",der Anbieter mehr als 2 Millionen Telefon-CDs,hdt-s91343,de_hdt-ud-train-a-2.conllu
176,schlagen,long,9,Stattdessen schlug der Konzern gewisse Beschränkungen und Regeln für seine Geschäftspolitik,vor,weiter;los,Stattdessen schlug der Konzern gewisse Beschränkungen und Regeln für seine Geschäftspolitik vor .,der Konzern gewisse Beschränkungen und Regeln für seine Geschäftspolitik,hdt-s180524,de_hdt-ud-train-b-2.conllu
177,schlagen,long,17,"Außerdem schlägt AMD einen neuen seriellen System-Bus namens LTD ( Lightning Data Transport ) mit 1,6 Gbit/s pro Pin",vor,zurück;fehl,"Außerdem schlägt AMD einen neuen seriellen System-Bus namens LTD ( Lightning Data Transport ) mit 1,6 Gbit/s pro Pin vor , der für schnelleren I/O und Multiprocessing vorgesehen ist .","AMD einen neuen seriellen System-Bus namens LTD ( Lightning Data Transport ) mit 1,6 Gbit/s pro Pin",hdt-s50111,de_hdt-ud-train-a-1.conllu
178,schlagen,long,8,"Trotz der Versuche , dies mehr oder weniger elegant zu überspielen , schlug Cisco dann bei der Ersten sich bietenden Gelegenheit",zu,aus;auf,"Trotz der Versuche , dies mehr oder weniger elegant zu überspielen , schlug Cisco dann bei der Ersten sich bietenden Gelegenheit zu .",Cisco dann bei der Ersten sich bietenden Gelegenheit,hdt-s154511,de_hdt-ud-train-b-1.conllu
179,schlagen,long,27,"Als mögliche Qualifikationen für eine law.proAdresse schlagen Register.Com und Virtual Internet beispielsweise abgeschlossene Examina , die Akkreditierung bei einer berufsständischen Organisationen ( wie der Anwaltskammer ) oder die Zugehörigkeit zu einem Organ der Rechtspflege",vor,aus;weiter,"Als mögliche Qualifikationen für eine law.proAdresse schlagen Register.Com und Virtual Internet beispielsweise abgeschlossene Examina , die Akkreditierung bei einer berufsständischen Organisationen ( wie der Anwaltskammer ) oder die Zugehörigkeit zu einem Organ der Rechtspflege vor .","Register.Com und Virtual Internet beispielsweise abgeschlossene Examina , die Akkreditierung bei einer berufsständischen Organisationen ( wie der Anwaltskammer ) oder die Zugehörigkeit zu einem Organ der Rechtspflege",hdt-s143130,de_hdt-ud-train-b-1.conllu
180,schlagen,long,8,Anscheinend schlägt der Preisrutsch bei Computern mittlerweile auf die Bilanzen,durch,herum;los,Anscheinend schlägt der Preisrutsch bei Computern mittlerweile auf die Bilanzen durch .,der Preisrutsch bei Computern mittlerweile auf die Bilanzen,hdt-s86492,de_hdt-ud-train-a-2.conllu
181,führen,short,1,Der AStA führt hingegen,an,ein;auf,"Der AStA führt hingegen an , daß es sich dabei um Dokumentationen alter Ausgaben der AStA-Zeitungen handelt .",hingegen,hdt-s101015,de_hdt-ud-train-a-2.conllu
182,führen,short,2,Amazon.com führt dies darauf,zurück,auf;hindurch,"Amazon.com führt dies darauf zurück , dass viele außeramerikanische Kunden im vierten Quartal 2000 in den Amazon-Filialen der jeweiligen Länder eingekauft hätten .",dies darauf,hdt-s180113,de_hdt-ud-train-b-2.conllu
183,führen,short,2,Niedersachsen führt digitale Signaturen,ein,aus;irre,Niedersachsen führt digitale Signaturen ein,digitale Signaturen,hdt-s173691,de_hdt-ud-train-b-2.conllu
184,führen,short,1,"Damit könnten sich die Unternehmen viel Arbeit bei der Rekurtierung von neuem Personal ersparen , führte Görblich",aus,an;ab,"Damit könnten sich die Unternehmen viel Arbeit bei der Rekurtierung von neuem Personal ersparen , führte Görblich aus .",Görblich,hdt-s39360,de_hdt-ud-train-a-1.conllu
185,führen,short,1,"Hier stehe Intel in dem harten Wettbewerb mit IBM , führte Maloney",aus,vorbei;irre,"Hier stehe Intel im harten Wettbewerb mit IBM , führte Maloney aus .",Maloney,hdt-s194543,de_hdt-ud-train-b-2.conllu
186,führen,medium,5,In dem Oktober 2000 führte Red Herring die zweiwöchige Erscheinungsweise,ein,irre;fort,"Im Oktober 2000 führte Red Herring die zweiwöchige Erscheinungsweise ein , um den Bedarf der Anzeigenkunden decken zu können .",Red Herring die zweiwöchige Erscheinungsweise,hdt-s193304,de_hdt-ud-train-b-2.conllu
187,führen,medium,6,"Andere Anbieter ziehen nach , so führte in medias res jetzt Kontopass Net900",ein,weiter;auf,"Andere Anbieter ziehen nach , so führte in medias res jetzt Kontopass Net900 ein .",in medias res jetzt Kontopass Net900,hdt-s190573,de_hdt-ud-train-b-2.conllu
188,führen,medium,3,Als weiteres Argument führte Microsoft vor Gericht,an,fort;weiter,"Als weiteres Argument führte Microsoft vor Gericht an , dass Hersteller schließlich nicht für die Preise der Händler zur Verantwortung gezogen werden könnten .",Microsoft vor Gericht,hdt-s67129,de_hdt-ud-train-a-2.conllu
189,führen,medium,7,Mit dem Gamecube führt Nintendo ein neues Speichermedium für die Spiele,ein,vor;hinab,Mit dem Gamecube führt Nintendo ein neues Speichermedium für die Spiele ein .,Nintendo ein neues Speichermedium für die Spiele,hdt-s109121,de_hdt-ud-dev.conllu
190,führen,medium,6,Knorr führte hier vor allem das Dresdner Infineon-Werk,an,fort;ein,"Knorr führte hier vor allem das Dresdner Infineon-Werk an , in dem seit kurzem Speicherchips aus 300-Millimenter-Wafern gefertigt werden .",hier vor allem das Dresdner Infineon-Werk,hdt-s36890,de_hdt-ud-train-a-1.conllu
191,führen,long,17,Die US-Forscherin Patricia Greenfield führt besonders den steilen Intelligenzanstieg der vergangenen 25 Jahre auf den Siegeszug des Computers und der visuellen Medien,zurück,irre;vorbei,Die US-Forscherin Patricia Greenfield führt besonders den steilen Intelligenzanstieg der vergangenen 25 Jahre auf den Siegeszug des Computers und der visuellen Medien zurück .,besonders den steilen Intelligenzanstieg der vergangenen 25 Jahre auf den Siegeszug des Computers und der visuellen Medien,hdt-s148988,de_hdt-ud-train-b-1.conllu
192,führen,long,11,"Ein konservativer Modus etwa führt lediglich die wirklich notwendigen , ein progressiver Modus alle möglichen Änderungen",durch,weiter;hindurch,"Ein konservativer Modus etwa führt lediglich die wirklich notwendigen , ein progressiver Modus alle möglichen Änderungen durch .","lediglich die wirklich notwendigen , ein progressiver Modus alle möglichen Änderungen",hdt-s196673,de_hdt-ud-train-b-2.conllu
193,führen,long,10,Der zu dem Lieferumfang von Mac OS X 10.1 gehörende Web-Browser Internet Explorer 5.1 von Microsoft führt unter Umständen Programme nach dem Download sofort und ohne Nachfrage,aus,hindurch;zusammen,Der zum Lieferumfang von Mac OS X 10.1 gehörende Web-Browser Internet Explorer 5.1 von Microsoft führt unter Umständen Programme nach dem Download sofort und ohne Nachfrage aus .,unter Umständen Programme nach dem Download sofort und ohne Nachfrage,hdt-s3387,de_hdt-ud-dev.conllu
194,führen,long,11,Der japanische Konzern Fujitsu führt in Deutschland zu dem ersten Mal die Liste der erfolgreichsten Computerhersteller,an,ein;zusammen,Der japanische Konzern Fujitsu führt in Deutschland zum ersten Mal die Liste der erfolgreichsten Computerhersteller an - die Lebensmittelkette Aldi rangiert bereits auf Platz drei .,in Deutschland zu dem ersten Mal die Liste der erfolgreichsten Computerhersteller,hdt-s81659,de_hdt-ud-train-a-2.conllu
195,führen,long,9,"Kurskorrekturen führte der interne Computer des "" Falken "" aber selbst",aus,fort;weiter,"Kurskorrekturen führte der interne Computer des "" Falken "" aber selbst aus .","der interne Computer des "" Falken "" aber selbst",hdt-s68285,de_hdt-ud-train-a-2.conllu
196,treten,short,2,Die Wirtschaftsberaterin Dyson war erste Präsidentin der auf Betreiben der US-Regierung gegründeten ICANN geworden ; sie tritt Ende 2000,zurück,entgegen;heran,Die Wirtschaftsberaterin Dyson war erste Präsidentin der auf Betreiben der US-Regierung gegründeten ICANN geworden ; sie tritt Ende 2000 zurück .,Ende 2000,hdt-s161412,de_hdt-ud-train-b-1.conllu
197,treten,short,0,Transmetas Chef Ditzel tritt,zurück,vor;zutage,Transmetas Chef Ditzel tritt zurück,,hdt-s185109,de_hdt-ud-train-b-2.conllu
198,treten,short,2,"Die Gattung ist neotropisch verbreitet , nur Perigonia lusca tritt in Nordamerika",auf,zurück;hervor,"Die Gattung ist neotropisch verbreitet, nur Perigonia lusca tritt in Nordamerika auf.",in Nordamerika,train-s3795,de_gsd-ud-train.conllu
199,treten,short,1,Die erwähnten Probleme mit der Speicherkarte träten zwar,auf,ab;los,"Die erwähnten Probleme mit der Speicherkarte träten zwar auf , aber nicht in einem Ausmaß , das eine Rückrufaktion erfordern würde .",zwar,hdt-s191338,de_hdt-ud-train-b-2.conllu
200,treten,short,2,SGI tritt Linux International,bei,entgegen;zusammen,SGI tritt Linux International bei,Linux International,hdt-s192709,de_hdt-ud-train-b-2.conllu
201,treten,medium,3,In dem Mai dieses Jahres trat der erste Fehler,auf,ein;ab,"Im Mai dieses Jahres trat der erste Fehler auf , der jedoch nicht so schwerwiegend war .",der erste Fehler,hdt-s36313,de_hdt-ud-train-a-1.conllu
202,treten,medium,7,Nach dem Kongress traten jedoch FRETILIN und UDT aus dem CNRT,aus,zusammen;ein,"Nach dem Kongress traten jedoch FRETILIN und UDT aus dem CNRT aus, um sich bei den anstehenden Wahlen als eigenständige Parteien präsentieren zu können.",jedoch FRETILIN und UDT aus dem CNRT,train-s14069,de_gsd-ud-train.conllu
203,treten,medium,7,"Damit trat "" Launch Manager "" Jeff Austin Befürchtungen",entgegen,heran;ab,"Damit trat "" Launch Manager "" Jeff Austin Befürchtungen entgegen , es könnte sich um eine reine Papier-Vorstellung handeln wie beim Gigahertz-Pentium III .",""" Launch Manager "" Jeff Austin Befürchtungen",hdt-s187702,de_hdt-ud-train-b-2.conllu
204,treten,medium,5,Okamoto tritt die Nachfolge von Clent Richardson,an,ein;zurück,"Okamoto tritt die Nachfolge von Clent Richardson an , der Apple Anfang April verlassen hatte .",die Nachfolge von Clent Richardson,hdt-s3225,de_hdt-ud-dev.conllu
205,treten,medium,7,Ein ähnliches Problem tritt bei GPS ( Global Positioning System ),auf,ab;heran,"Ein ähnliches Problem tritt bei GPS ( Global Positioning System ) auf , allerdings schon im August 1999 .",bei GPS ( Global Positioning System ),hdt-s190608,de_hdt-ud-train-b-2.conllu
206,treten,long,11,Nach Angaben beider Hersteller tritt an dem 19. Januar das Konkursgericht ( US Bankruptcy Court ),zusammen,auf;vor,"Nach Angaben beider Hersteller tritt am 19. Januar das Konkursgericht ( US Bankruptcy Court ) zusammen , um mit den Parteien die Verkaufsmodalitäten zu beraten .",an dem 19. Januar das Konkursgericht ( US Bankruptcy Court ),hdt-s83561,de_hdt-ud-train-a-2.conllu
207,treten,long,9,Aufgrund des bereits erfolgten Insolvenzantrags tritt die IT-Media nicht die Rechtsnachfolge der alten Firma Publix,an,hervor;aus,Aufgrund des bereits erfolgten Insolvenzantrags tritt die IT-Media nicht die Rechtsnachfolge der alten Firma Publix an .,die IT-Media nicht die Rechtsnachfolge der alten Firma Publix,hdt-s41498,de_hdt-ud-train-a-1.conllu
208,treten,long,8,Nach einer Kontroverse trat Stein 1861 enttäuscht von seinem Amt als Rabbiner,zurück,auf;ab,Nach einer Kontroverse trat Stein 1861 enttäuscht von seinem Amt als Rabbiner zurück.,Stein 1861 enttäuscht von seinem Amt als Rabbiner,train-s6529,de_gsd-ud-train.conllu
209,treten,long,9,"Charmant tritt die virtuelle Beraterin der Deutschen Bank , Cor@ ,",auf,los;ein,"Charmant tritt die virtuelle Beraterin der Deutschen Bank , Cor@ , auf .","die virtuelle Beraterin der Deutschen Bank , Cor@ ,",hdt-s48247,de_hdt-ud-train-a-1.conllu
210,treten,long,8,In Mexiko trat er auch 1911 in das Noviziat in Puebla,ein,vor;an,In Mexiko trat er auch 1911 in das Noviziat in Puebla ein und legte im Jahr darauf seine ersten Gelübde ab.,er auch 1911 in das Noviziat in Puebla,train-s12133,de_gsd-ud-train.conllu
211,finden,short,2,Zu der Zeit findet eine Kampagne,statt,zusammen;heraus,"Zur Zeit findet eine Kampagne statt , die alles in den Schatten stellt , was es bisher an Online-Reklame für ein Kinoereignis gab .",eine Kampagne,hdt-s125153,de_hdt-ud-train-b-1.conllu
212,finden,short,2,In Rahmen des Festivals finden verschiedene Wettbewerbe,statt,heraus;vor,In Rahmen des Festivals finden verschiedene Wettbewerbe statt:,verschiedene Wettbewerbe,train-s11063,de_gsd-ud-train.conllu
213,finden,short,0,Die Marktforscher fanden,heraus,an;zurück,"Die Marktforscher fanden heraus , dass Napster nicht nur auf Campus-Rechnern oder privaten PCs genutzt wird , sondern dass die Software inzwischen auch auf fast 900.000 Büro-Computern installiert ist .",,hdt-s33954,de_hdt-ud-train-a-1.conllu
214,finden,short,1,Ein Verkauf finde nicht,statt,wieder;ein,"Ein Verkauf finde nicht statt , betonte Bernhard Gold .",nicht,hdt-s118351,de_hdt-ud-test.conllu
215,finden,short,1,Außerdem fand er,heraus,an;wieder,"Außerdem fand er heraus , dass bislang lediglich in 21 Prozent der Behörden alle Mitarbeiter einen Internetzugriff haben .",er,hdt-s31724,de_hdt-ud-train-a-1.conllu
216,finden,medium,5,Die Spiele fanden an drei Tagen in Helsinki,statt,ein;zurecht,"Die Spiele fanden an drei Tagen in Helsinki statt, nur das erste Spiel der russischen Mannschaft wurde in Moskau ausgetragen.",an drei Tagen in Helsinki,train-s13909,de_gsd-ud-train.conllu
217,finden,medium,4,Der nächste Weltingenieurstag findet darum 2004 in China,statt,wieder;ein,Der nächste Weltingenieurstag findet darum 2004 in China statt .,darum 2004 in China,hdt-s157263,de_hdt-ud-train-b-1.conllu
218,finden,medium,6,Dort findet bis Freitag die Internationale Automatenfachmesse IMA,statt,ein;zurecht,Dort findet bis Freitag die Internationale Automatenfachmesse IMA statt .,bis Freitag die Internationale Automatenfachmesse IMA,hdt-s151955,de_hdt-ud-train-b-1.conllu
219,finden,medium,7,"Während in AOLburg das Netz strahlt , findet in Benzgart der längste Tag der Welt",statt,ein;zurück,"Während in AOLburg das Netz strahlt , findet in Benzgart der längste Tag der Welt statt .",in Benzgart der längste Tag der Welt,hdt-s123720,de_hdt-ud-train-b-1.conllu
220,finden,medium,4,Die an dem kommenden Montag beginnende Versteigerung finde zu einem günstigen Zeitpunkt,statt,zurecht;zusammen,"Die am kommenden Montag beginnende Versteigerung finde zu einem günstigen Zeitpunkt statt , sagte der Präsident der Behörde , Klaus-Dieter Scheurle , am heutigen Freitag in Bonn .",zu einem günstigen Zeitpunkt,hdt-s174878,de_hdt-ud-train-b-2.conllu
221,finden,long,19,"Parallel zu den Tests finden in Intels Performance Microprocessor Division in Oregon auf zwei Ebenene fortlaufend Überprüfungen des Designs ( "" Bug-Suche "" )",statt,ein;wieder,"Parallel zu den Tests finden in Intels Performance Microprocessor Division in Oregon auf zwei Ebenene fortlaufend Überprüfungen des Designs ( "" Bug-Suche "" ) statt .","in Intels Performance Microprocessor Division in Oregon auf zwei Ebenene fortlaufend Überprüfungen des Designs ( "" Bug-Suche "" )",hdt-s13751,de_hdt-ud-test.conllu
222,finden,long,9,So findet auch dieses Jahr parallel wieder die Linux Business Expo,statt,zurück;wieder,"So findet auch dieses Jahr parallel wieder die Linux Business Expo statt ; und im Angesicht des Internet steht die diesjährige Veranstaltung unter dem Slogan Community , Content , Commerce .",auch dieses Jahr parallel wieder die Linux Business Expo,hdt-s144630,de_hdt-ud-train-b-1.conllu
223,finden,long,9,An diesem Wochenende findet in Düsseldorf zu dem fünften Mal das BeOS-Anwendertreffen BeGeistert!,statt,ab;ein,An diesem Wochenende findet in Düsseldorf zum fünften Mal das BeOS-Anwendertreffen BeGeistert! statt .,in Düsseldorf zu dem fünften Mal das BeOS-Anwendertreffen BeGeistert!,hdt-s119321,de_hdt-ud-test.conllu
224,finden,long,11,Zu dem Teil finde der Unterricht aber auch in Zukunft noch in dem realen Raum,statt,zurück;zurecht,"Zum Teil finde der Unterricht aber auch in Zukunft noch im realen Raum statt , sagte Sauter .",der Unterricht aber auch in Zukunft noch in dem realen Raum,hdt-s178996,de_hdt-ud-train-b-2.conllu
225,finden,long,22,Zu der Zeit findet eine Verschiebung der weltweiten Absätze von den zu dem großen Teil gesättigten Märkten USA und Westeuropa zu den asiatischen und lateinamerikanischen Ländern,statt,ein;zusammen,Zur Zeit findet eine Verschiebung der weltweiten Absätze von den zum großen Teil gesättigten Märkten USA und Westeuropa zu den asiatischen und lateinamerikanischen Ländern statt .,eine Verschiebung der weltweiten Absätze von den zu dem großen Teil gesättigten Märkten USA und Westeuropa zu den asiatischen und lateinamerikanischen Ländern,hdt-s205649,de_hdt-ud-train-b-2.conllu
226,halten,short,2,"Den Verkauf der Kundendaten hat die US-amerikanische Federal Trade Commission ( FTC ) nun aber verboten - außer , der Online-Laden hält einige Bedingungen",ein,stand;durch,"Den Verkauf der Kundendaten hat die US-amerikanische Federal Trade Commission ( FTC ) nun aber verboten - außer , der Online-Laden hält einige Bedingungen ein .",einige Bedingungen,hdt-s164567,de_hdt-ud-train-b-2.conllu
227,halten,short,1,Die Zahl der Swisscom-Mobilkunden ist um weitere 259.000 gestiegen ; auch der SMS-Boom hält weiter,an,stand;dagegen,Die Zahl der Swisscom-Mobilkunden ist um weitere 259.000 gestiegen ; auch der SMS-Boom hält weiter an .,weiter,hdt-s166749,de_hdt-ud-train-b-2.conllu
228,halten,short,2,""" Zu der Zeit hält die Branche",ein,entgegen;offen,""" Zur Zeit hält die Branche ein , um tief Atem zu holen , aber die Nachfrage wird danach unausweichlich wieder ansteigen "" .",die Branche,hdt-s194546,de_hdt-ud-train-b-2.conllu
229,halten,short,1,"Roy McDonald , Präsident von Connectix , hält dem",entgegen,aufrecht;auf,"Roy McDonald , Präsident von Connectix , hält dem entgegen , daß bereits die Version 1.0 des Emulators Vorkehrungen gegen Raubkopien enthalten habe .",dem,hdt-s77631,de_hdt-ud-train-a-2.conllu
230,halten,short,1,Die Spekulationen über mögliche Übernahmekandidaten hielten unterdessen,an,entgegen;zusammen,Die Spekulationen über mögliche Übernahmekandidaten hielten unterdessen an und gingen weit auseinander .,unterdessen,hdt-s174917,de_hdt-ud-train-b-2.conllu
231,halten,medium,3,Allerdings hielten die Musikkonzerne daran,fest,an;zugute,"Allerdings hielten die Musikkonzerne daran fest , dass eine Gesetzesänderung nicht notwendig sei und sogar der Piraterie in die Hände spielen könnte .",die Musikkonzerne daran,hdt-s143414,de_hdt-ud-train-b-1.conllu
232,halten,medium,3,"Die Regulierungsbehörde hatte bekräftigt , sie halte an den Lizenzbedingungen",fest,fern;wach,"Die Regulierungsbehörde hatte bekräftigt , sie halte an den Lizenzbedingungen fest , nach denen jeder Anbieter sein eigenes UMTS-Netz aufbauen muss .",an den Lizenzbedingungen,hdt-s61444,de_hdt-ud-train-a-2.conllu
233,halten,medium,6,"Carsten Aevermann , Geschäftsführer von Form & Vision , hält trotz der Insolvenz an dem Eclipse-Konzept",fest,frei;bereit,"Carsten Aevermann , Geschäftsführer von Form & Vision , hält trotz der Insolvenz am Eclipse-Konzept fest .",trotz der Insolvenz an dem Eclipse-Konzept,hdt-s16353,de_hdt-ud-test.conllu
234,halten,medium,5,"Bei der Anwahl der T-Online-Nummer 0191011 berechnete zu dem einen das Online-Unternehmen seine üblichen Surf- und Telefonkosten , doch zusätzlich hielt auch Mannesmann Arcor die Hand",auf,ab;aufrecht,"Bei der Anwahl der T-Online-Nummer 0191011 berechnete zum einen das Online-Unternehmen seine üblichen Surf- und Telefonkosten , doch zusätzlich hielt auch Mannesmann Arcor die Hand auf :",auch Mannesmann Arcor die Hand,hdt-s72874,de_hdt-ud-train-a-2.conllu
235,halten,medium,4,Otto hält damit an den Prognosen,fest,fern;zugute,"Otto hält damit an den Prognosen fest , die er bereits vor zwei Jahren abgegeben hat .",damit an den Prognosen,hdt-s121948,de_hdt-ud-test.conllu
236,halten,long,14,Trotz weiterer rechtlicher Schritte der US-Plattenindustrie gegen Napster hält die Bertelsmann eCommerce Group ( BeCG ) an der Allianz mit der umstrittenen Musiktauschbörse,fest,dagegen;an,Trotz weiterer rechtlicher Schritte der US-Plattenindustrie gegen Napster hält die Bertelsmann eCommerce Group ( BeCG ) an der Allianz mit der umstrittenen Musiktauschbörse fest .,die Bertelsmann eCommerce Group ( BeCG ) an der Allianz mit der umstrittenen Musiktauschbörse,hdt-s138311,de_hdt-ud-train-b-1.conllu
237,halten,long,9,Unter ftp://ftp.tbeach.com/pub/tbs/pinnacle_fiji/ hält Turtle Beach jetzt den fälligen Patch-Editor ( ppe_b2.zip ),bereit,wach;vor,Unter ftp://ftp.tbeach.com/pub/tbs/pinnacle_fiji/ hält Turtle Beach jetzt den fälligen Patch-Editor ( ppe_b2.zip ) bereit .,Turtle Beach jetzt den fälligen Patch-Editor ( ppe_b2.zip ),hdt-s83601,de_hdt-ud-train-a-2.conllu
238,halten,long,9,Rund 21 Prozent halten sich weniger als drei Stunden wöchentlich in dem Web,auf,aus;an,"Rund 21 Prozent halten sich weniger als drei Stunden wöchentlich im Web auf , während dies nur bei 14 Prozent der Männer der Fall ist .",sich weniger als drei Stunden wöchentlich in dem Web,hdt-s15604,de_hdt-ud-test.conllu
239,halten,long,8,"Und die ersten Anbieter stellen zwar WAP-Dienste in dem Internet zu der Verfügung , einige halten sich angesichts der nicht verfügbaren Endgeräte aber noch",zurück,entgegen;vor,"Und die ersten Anbieter stellen zwar WAP-Dienste im Internet zur Verfügung , einige halten sich angesichts der nicht verfügbaren Endgeräte aber noch zurück .",sich angesichts der nicht verfügbaren Endgeräte aber noch,hdt-s173636,de_hdt-ud-train-b-2.conllu
240,halten,long,12,Zugleich hielt die christliche Theologie damit an der Einheit des Alten und Neuen Testaments,fest,frei;entgegen,Zugleich hielt die christliche Theologie damit an der Einheit des Alten und Neuen Testaments fest: Der Gott Israels ist und bleibt als der Vater Jesu Christi der Schöpfer und Erlöser der ganzen Welt.,die christliche Theologie damit an der Einheit des Alten und Neuen Testaments,train-s11372,de_gsd-ud-train.conllu
241,sehen,short,2,Die Standards AGP-1X und -2X sahen beide Signalpegel,vor,an;gegenüber,"Die Standards AGP-1X und -2X sahen beide Signalpegel vor , erst AGP-4X funktioniert ausschließlich mit 1,5 Volt .",beide Signalpegel,hdt-s185536,de_hdt-ud-train-b-2.conllu
242,sehen,short,1,"Eine fünf Jahre währende Kooperation , die an dem 1. Januar 2001 auslief , sah umgkehrt",vor,ein;zu,"Eine fünf Jahre währende Kooperation , die am 1. Januar 2001 auslief , sah umgkehrt vor , dass Microsoft AOLs Online-Dienst werbewirksam auf dem Windows-Desktop verlinkt .",umgkehrt,hdt-s115176,de_hdt-ud-test.conllu
243,sehen,short,0,Der Übernahmevertrag sieht,vor,ab;aus,"Der Übernahmevertrag sieht vor , dass Atmel in dem Werk Anlagen zur Herstellung von Flash-Speicherchips und Mikrocontrollern in 0,18-µm-Strukturen für CMOS- , BiCMOS- und SiGe-Prozesse installiert .",,hdt-s43613,de_hdt-ud-train-a-1.conllu
244,sehen,short,2,Sieht ganz so,aus,hinweg;vor,"Sieht ganz so aus , als ob die Gleichberechtigung nun wirklich Einzug in die Computerwelt halten würde oder bislang unbemerkt vollzogen wurde .",ganz so,hdt-s14773,de_hdt-ud-test.conllu
245,sehen,short,0,Der Desktop-Rechner sieht,aus,an;zu,Der Desktop-Rechner sieht aus wie eine graue Version des iMac und soll laut Gateway unter 500 US-Dollar kosten .,,hdt-s132215,de_hdt-ud-train-b-1.conllu
246,sehen,medium,7,So sieht es zumindest nach einer Börsenpflichtmitteilung des Unternehmens,aus,gegenüber;vor,So sieht es zumindest nach einer Börsenpflichtmitteilung des Unternehmens aus .,es zumindest nach einer Börsenpflichtmitteilung des Unternehmens,hdt-s21089,de_hdt-ud-train-a-1.conllu
247,sehen,medium,5,Das erste Modell sieht einen Jahresbeitrag von 69 Mark,vor,hinweg;gegenüber,"Das erste Modell sieht einen Jahresbeitrag von 69 Mark vor , während im Normaltarif jährlich 118,80 Mark anfallen .",einen Jahresbeitrag von 69 Mark,hdt-s42,de_hdt-ud-dev.conllu
248,sehen,medium,3,Schon der Finanzbericht für das dritte Quartal sah nicht besonders rosig,aus,vor;zu,Schon der Finanzbericht für das dritte Quartal sah nicht besonders rosig aus :,nicht besonders rosig,hdt-s133060,de_hdt-ud-train-b-1.conllu
249,sehen,medium,3,Anders sieht das bei Notebooks,aus,hinweg;vor,"Anders sieht das bei Notebooks aus , hier soll in 3 Jahren ein System marktreif sein .",das bei Notebooks,hdt-s157074,de_hdt-ud-train-b-1.conllu
250,sehen,medium,3,Das Unternehmen werde es auf eine gerichtliche Auseinandersetzung ankommen lassen und sehe dieser mit Ruhe,entgegen,hinweg;vor,Das Unternehmen werde es auf eine gerichtliche Auseinandersetzung ankommen lassen und sehe dieser mit Ruhe entgegen .,dieser mit Ruhe,hdt-s166871,de_hdt-ud-train-b-2.conllu
251,sehen,long,18,"Demgegenüber sehen die 9 Prozent Marktanteil der großen drei Pocket-PC-Hersteller ( Compaq , HP und Casio ) doch recht mager",aus,vor;um,"Demgegenüber sehen die 9 Prozent Marktanteil der großen drei Pocket-PC-Hersteller ( Compaq , HP und Casio ) doch recht mager aus .","die 9 Prozent Marktanteil der großen drei Pocket-PC-Hersteller ( Compaq , HP und Casio ) doch recht mager",hdt-s68084,de_hdt-ud-train-a-2.conllu
252,sehen,long,11,"Solange die Querelen andauern , werden die Endkunden auf die Kabel-Highspeed-Anschlüsse weiter warten müssen - sieht man von wenigen Glücklichen wie beispielsweise in Memmingen oder in Berlin",ab,zu;entgegen,"Solange die Querelen andauern , werden die Endkunden auf die Kabel-Highspeed-Anschlüsse weiter warten müssen - sieht man von wenigen Glücklichen wie beispielsweise in Memmingen oder in Berlin ab .",man von wenigen Glücklichen wie beispielsweise in Memmingen oder in Berlin,hdt-s147082,de_hdt-ud-train-b-1.conllu
253,sehen,long,10,Das Rechtsabkommen in der Fassung von dem 15. Mai sieht in Artikel 17 bis 22 Regelungen zu der grenzüberschreitenden Kommunikationsüberwachung,vor,voraus;ein,Das Rechtsabkommen in der Fassung vom 15. Mai sieht in Artikel 17 bis 22 Regelungen zur grenzüberschreitenden Kommunikationsüberwachung vor .,in Artikel 17 bis 22 Regelungen zu der grenzüberschreitenden Kommunikationsüberwachung,hdt-s101901,de_hdt-ud-train-a-2.conllu
254,sehen,long,19,"Als kritisch sah er die "" Pufferung "" beziehungsweise Speicherung der abgehörten Telekommunikationsinhalte vor der Übermittlung an die "" berechtigte Stelle """,an,vor;voraus,"Als kritisch sah er die "" Pufferung "" beziehungsweise Speicherung der abgehörten Telekommunikationsinhalte vor der Übermittlung an die "" berechtigte Stelle "" an .","er die "" Pufferung "" beziehungsweise Speicherung der abgehörten Telekommunikationsinhalte vor der Übermittlung an die "" berechtigte Stelle """,hdt-s194334,de_hdt-ud-train-b-2.conllu
255,sehen,long,10,"Wann erneut umgestellt wird , konnte Seibel nicht sagen , der Update-Plan sehe aber zu der Sicherheit "" ausreichend "" Tage an Reserve",vor,ab;ein,"Wann erneut umgestellt wird , konnte Seibel nicht sagen , der Update-Plan sehe aber zur Sicherheit "" ausreichend "" Tage an Reserve vor .","aber zu der Sicherheit "" ausreichend "" Tage an Reserve",hdt-s75399,de_hdt-ud-train-a-2.conllu
